D;Delta;env;chi;eng
2;0.2054369069214135;BP;1;-221.06227764293354
4;0.09959634278542129;BP;1;-218.17678216331444
8;0.04087936819906013;BP;1;-216.8411058779187
16;0.008808653539093433;BP;1;-216.29627306336508
32;0.0009281694376423283;BP;1;-216.25105034533678
