D;Delta;env;chi;eng
2;0.1785022439820771;BP;1;-195.91214498394726
4;0.07666665941000594;BP;1;-191.66568808978886
8;0.010443984795598186;BP;1;-189.22508594378812
32;5.048803124102123e-15;BP;1;-189.12564297350644
16;5.048803124102123e-15;BP;1;-189.12564297350644
