D;Delta;env;chi;eng
2;2.905597963115877e-16;BP;1;-83.18156492144499
4;2.905597963115877e-16;BP;1;-83.18156492144499
8;2.905597963115877e-16;BP;1;-83.18156492144499
16;2.905597963115877e-16;BP;1;-83.18156492144499
32;2.905597963115877e-16;BP;1;-83.18156492144499
