D;Delta;env;chi;eng
32;0.0038535578715856653;BP;1;-174.43363883146176
