D;Delta;env;chi;eng
4;0.0682613137903325;BP;1;-149.7594386081868
2;0.1612127511148475;BP;1;-152.30787303105575
8;0.008750959470141447;BP;1;-148.14499239796146
16;4.5294834831159664e-15;BP;1;-148.08619681911858
32;4.5294834831159664e-15;BP;1;-148.08619681911858
