D;Delta;env;chi;eng
4;0.10469770357463519;BP;1;-190.280108010228
8;0.07138413832533291;BP;1;-190.18860910913423
16;0.05466318760019627;BP;1;-190.11901760841909
