D;Delta;env;chi;eng
32;2.7458798137461617e-16;BP;1;-85.41973365053799
