D;Delta;env;chi;eng
4;0.098025154568702;BP;1;-175.3903841642467
8;0.04824864053020965;BP;1;-174.82963876499815
16;0.017294808464768868;BP;1;-174.505666660985
