D;Delta;env;chi;eng
32;0.10258897181625407;BP;1;-170.29818000506523
