D;Delta;env;chi;eng
32;0.05644044813149545;BP;1;-162.29679983589855
