D;Delta;env;chi;eng
2;2.7997522848462673e-16;BP;1;-82.6667262904654
4;2.7997522848462673e-16;BP;1;-82.6667262904654
8;2.7997522848462673e-16;BP;1;-82.6667262904654
16;2.7997522848462673e-16;BP;1;-82.6667262904654
32;2.7997522848462673e-16;BP;1;-82.6667262904654
