D;Delta;env;chi;eng
2;0.3659623644508967;BP;1;-129.4374958590518
8;0.029290116829059437;BP;1;-114.0876775376076
4;0.14665723703233033;BP;1;-119.19220567358376
16;5.939213294863086e-15;BP;1;-113.57803409533224
32;5.939213294863086e-15;BP;1;-113.57803409533224
