D;Delta;env;chi;eng
2;0.15865155763643785;BP;1;-152.3196337576959
4;0.0677386912932201;BP;1;-149.53495049904592
8;0.008814559691394993;BP;1;-147.90974113914515
16;4.703221854930668e-15;BP;1;-147.85160838425486
32;4.703221854930668e-15;BP;1;-147.85160838425486
