D;Delta;env;chi;eng
2;0.09816435821091167;BP;1;-177.49656824629957
4;0.03527104036700562;BP;1;-176.32185306566757
8;0.006155983835563683;BP;1;-176.02043700889783
16;0.0002899717668693428;BP;1;-175.9992125714428
32;8.48951295807064e-15;BP;1;-175.99915312488054
