D;Delta;env;chi;eng
2;0.1493897843152584;BP;1;-174.04654239595817
4;0.04375516365789586;BP;1;-169.2371252004308
8;1.5874082888344243e-15;BP;1;-167.84985719772382
32;1.5874082888344243e-15;BP;1;-167.84985719772382
16;1.5874082888344243e-15;BP;1;-167.84985719772382
