D;Delta;env;chi;eng
2;0.1906727874888928;BP;1;-166.32398787711733
4;0.09853712219855136;BP;1;-164.29350605685963
8;0.03401763534450171;BP;1;-162.90486846745094
16;0.005030470724881211;BP;1;-162.52551818974055
32;0.00029177381784599714;BP;1;-162.5095851351429
