D;Delta;env;chi;eng
32;0.0003786396580083387;BP;1;-159.79858958466855
