D;Delta;env;chi;eng
2;0.11853211565449757;BP;1;-117.1431533182054
4;9.459773892954726e-16;BP;1;-111.19424110826715
8;9.459773892954726e-16;BP;1;-111.19424110826715
16;9.459773892954726e-16;BP;1;-111.19424110826715
32;9.459773892954726e-16;BP;1;-111.19424110826715
