D;Delta;env;chi;eng
2;0.13841405931702594;BP;1;-116.47778093120932
4;0.026859156818071505;BP;1;-113.84123428150222
8;2.6406225181723645e-15;BP;1;-113.50175733221545
32;2.6406225181723645e-15;BP;1;-113.50175733221545
16;2.6406225181723645e-15;BP;1;-113.50175733221545
