D;Delta;env;chi;eng
2;0.2413018233047542;BP;1;-165.2717119517806
4;0.10117129915224243;BP;1;-163.4371203192384
8;0.03964129017841395;BP;1;-162.44184904340472
16;0.008278797203635188;BP;1;-162.08813858845608
32;0.000778387618849448;BP;1;-162.06081125973384
