D;Delta;env;chi;eng
2;0.21282702805963308;BP;1;-164.62677487180213
4;0.11283999261988258;BP;1;-162.5420256067504
8;0.04103317346743853;BP;1;-160.86665010163154
16;0.006444945045663819;BP;1;-160.37534582076935
32;0.00038564894692186177;BP;1;-160.35291763155175
