D;Delta;env;chi;eng
4;0.25008033387728873;BP;1;-228.99562617265155
8;0.14238463698942663;BP;1;-228.0828495266488
16;0.08565472685473735;BP;1;-227.6017574892792
