D;Delta;env;chi;eng
32;0.05161773427219726;BP;1;-185.71765269888613
