D;Delta;env;chi;eng
32;0.057510562056561035;BP;1;-167.8202176489706
