D;Delta;env;chi;eng
32;0.0487958865073519;BP;1;-190.56386655081852
