D;Delta;env;chi;eng
2;0.19343626894893823;BP;1;-157.85261766708354
4;0.09756469527563824;BP;1;-155.47475296721558
8;0.026115829337209902;BP;1;-153.64264109285944
16;0.002113266334988755;BP;1;-153.35836604290583
32;8.311856407349435e-15;BP;1;-153.35474694911204
