D;Delta;env;chi;eng
32;0.03511986431619828;BP;1;-176.05358568600303
