D;Delta;env;chi;eng
32;0.07462297506840687;BP;1;-163.51871863738054
