D;Delta;env;chi;eng
4;0.08753528779493813;BP;1;-156.043706267646
2;0.18029408318985563;BP;1;-158.07901768047412
8;0.022796356048395857;BP;1;-154.55372303289357
16;0.0016817900504946675;BP;1;-154.3313198534974
32;8.276580832615882e-15;BP;1;-154.32895584870482
