D;Delta;env;chi;eng
2;0.26839481669047127;BP;1;-178.18208559931387
4;0.11794719109946393;BP;1;-176.3601954165628
8;0.06203273956123917;BP;1;-175.72544603704293
16;0.027066285140651257;BP;1;-175.37665598034374
32;0.008068135714368426;BP;1;-175.26221424028157
64;0.001608905640328435;BP;1;-175.24668468263144
