D;Delta;env;chi;eng
32;0.00902025624197526;BP;1;-171.7583624742927
