D;Delta;env;chi;eng
32;7.484227587313248e-15;BP;1;-153.20407648151738
