D;Delta;env;chi;eng
32;0.027184201928982504;BP;1;-178.2376209121684
