D;Delta;env;chi;eng
32;0.0358896836189896;BP;1;-191.2902654564947
