D;Delta;env;chi;eng
2;0.10170298418233191;BP;1;-181.163211111705
4;0.03933354282724137;BP;1;-179.93910971200708
8;0.007100663480387032;BP;1;-179.5382687418685
16;0.0003612585632175476;BP;1;-179.50867608555907
32;6.9728344987675186e-15;BP;1;-179.5085692521245
