D;Delta;env;chi;eng
2;0.2059292962903166;BP;1;-169.49447604651712
4;0.10896204360247667;BP;1;-167.48580085771312
8;0.04620097654128858;BP;1;-166.28031826212023
16;0.010602232321995109;BP;1;-165.76468012302524
32;0.001211691135787235;BP;1;-165.7124736269509
