D;Delta;env;chi;eng
2;0.2274937731025866;BP;1;-169.09092648469237
4;0.12096716796209764;BP;1;-166.9656987244174
8;0.05263172085270837;BP;1;-165.53538807108197
16;0.012338601731030577;BP;1;-164.89497547370985
32;0.001455166185326518;BP;1;-164.82675756739766
