D;Delta;env;chi;eng
4;0.08852022614143744;BP;1;-154.7857853363643
2;0.1940618701578602;BP;1;-156.91683957976423
8;0.023810674357928333;BP;1;-153.3149692383525
16;0.0019030954953475013;BP;1;-153.07475778765266
32;7.930609831555185e-15;BP;1;-153.07182265756927
