D;Delta;env;chi;eng
32;0.2125841285760038;BP;1;-176.3206100608893
