D;Delta;env;chi;eng
32;0.0017367138649789298;BP;1;-168.37585276839968
