D;Delta;env;chi;eng
4;0.11228602073451095;BP;1;-174.9653579270704
2;0.25218866734094936;BP;1;-176.75488852387704
8;0.057144794639727575;BP;1;-174.34422822871764
16;0.022769664295271545;BP;1;-173.9927941657917
32;0.005924028744823134;BP;1;-173.898871165294
