D;Delta;env;chi;eng
2;0.21897423705083302;BP;1;-170.70263362204918
4;0.11841915054801472;BP;1;-168.81421031643384
8;0.051241123000010796;BP;1;-167.43470887674783
16;0.011687671856044586;BP;1;-166.81857669290386
32;0.0013149693566200601;BP;1;-166.7581227830826
