D;Delta;env;chi;eng
2;0.28353734505117073;BP;1;-179.95765903699635
4;0.12444394091702526;BP;1;-178.18191454709518
8;0.06855192607923417;BP;1;-177.57868444520108
16;0.03286920686837768;BP;1;-177.22613553099117
32;0.011059588443796063;BP;1;-177.07967008063096
64;0.0025966833219277043;BP;1;-177.05440793072972
