D;Delta;env;chi;eng
2;0.4941018727682285;BP;1;-142.47897765189342
4;0.266634844188355;BP;1;-136.06643901605108
8;0.12562007231176198;BP;1;-131.0696905559632
16;0.042866041762791456;BP;1;-128.69780259149397
32;0.008459956456050974;BP;1;-128.12365866258006
