D;Delta;env;chi;eng
32;0.0860158734824635;BP;1;-184.15778794912558
