D;Delta;env;chi;eng
32;0.04772464807151643;BP;1;-188.9559407023201
