D;Delta;env;chi;eng
32;0.0009869046305114864;BP;1;-171.71574846453618
