D;Delta;env;chi;eng
32;0.008111876947636812;BP;1;-177.47602530499802
