D;Delta;env;chi;eng
32;0.02579380775875294;BP;1;-153.1598454347357
