D;Delta;env;chi;eng
2;0.15775311576747594;BP;1;-162.03880038971022
4;0.07850048224142049;BP;1;-160.59887692260173
8;0.025584760875585314;BP;1;-159.74625541154128
16;0.0031161314148758267;BP;1;-159.53280093357472
32;0.00014843748338386512;BP;1;-159.52720138856665
