D;Delta;env;chi;eng
32;0.06001134377641001;BP;1;-173.38633884849907
