D;Delta;env;chi;eng
2;3.241981337761029e-16;BP;1;-81.853555004473
4;3.241981337761029e-16;BP;1;-81.853555004473
8;3.241981337761029e-16;BP;1;-81.853555004473
16;3.241981337761029e-16;BP;1;-81.853555004473
32;3.241981337761029e-16;BP;1;-81.853555004473
