D;Delta;env;chi;eng
32;0.07617499544218093;BP;1;-176.12724785711205
