D;Delta;env;chi;eng
4;0.16575826132820398;BP;1;-228.87585301065891
8;0.10457155979628174;BP;1;-227.73491859850753
16;0.06215013620901409;BP;1;-227.0229263652149
