D;Delta;env;chi;eng
32;0.07097807499953485;BP;1;-181.94959477596217
