D;Delta;env;chi;eng
2;0.16061453303719087;BP;1;-149.4773645047291
4;0.06688097131085924;BP;1;-147.20417958243485
8;0.008857271294779322;BP;1;-145.7850753664414
16;4.218334026298506e-15;BP;1;-145.73240064246426
32;4.218334026298506e-15;BP;1;-145.73240064246426
