D;Delta;env;chi;eng
32;0.04508848621318449;BP;1;-187.6038573044064
