D;Delta;env;chi;eng
32;0.06292426314730842;BP;1;-187.9282253773768
