D;Delta;env;chi;eng
2;0.4353102155856645;BP;1;-134.6574947717735
4;0.1960344444185119;BP;1;-126.44418541839798
8;0.06390058770734222;BP;1;-121.72817033958148
16;0.009059366703664664;BP;1;-120.44695732294348
32;9.96416319443735e-15;BP;1;-120.39275452846645
