D;Delta;env;chi;eng
2;3.332776631190351e-16;BP;1;-105.07510770320854
4;3.332776631190351e-16;BP;1;-105.07510770320854
8;3.332776631190351e-16;BP;1;-105.07510770320854
16;3.332776631190351e-16;BP;1;-105.07510770320854
32;3.332776631190351e-16;BP;1;-105.07510770320854
