D;Delta;env;chi;eng
2;0.16426894675793408;BP;1;-152.94160236785237
4;0.07229023503534272;BP;1;-150.22568926172173
8;0.00940897129323812;BP;1;-148.42088322329678
32;5.050938659000575e-15;BP;1;-148.35393389169826
16;5.050938659000575e-15;BP;1;-148.35393389169826
