D;Delta;env;chi;eng
2;0.1363579360917627;BP;1;-138.93047584046576
4;0.037190898046859974;BP;1;-135.7359544998499
8;1.658528049671686e-15;BP;1;-134.89238615042208
16;1.658528049671686e-15;BP;1;-134.89238615042208
32;1.658528049671686e-15;BP;1;-134.89238615042208
