D;Delta;env;chi;eng
32;8.581629454182804e-16;BP;1;-114.95621278870847
