D;Delta;env;chi;eng
32;0.08847999171786498;BP;1;-183.31131973149493
