D;Delta;env;chi;eng
2;0.15138581631608022;BP;1;-175.9678511308567
32;1.7000761747035746e-15;BP;1;-170.0515786975776
4;0.042899183482866844;BP;1;-171.37015751055625
8;1.7000761747035746e-15;BP;1;-170.0515786975776
16;1.7000761747035746e-15;BP;1;-170.0515786975776
