D;Delta;env;chi;eng
2;0.1502821645709514;BP;1;-137.00301484022586
8;1.6609677308203906e-15;BP;1;-132.5382915919559
4;0.041723520797013074;BP;1;-133.4944932269057
16;1.6609677308203906e-15;BP;1;-132.5382915919559
32;1.6609677308203906e-15;BP;1;-132.5382915919559
