D;Delta;env;chi;eng
32;0.01913229077284822;BP;1;-171.75270018746502
