D;Delta;env;chi;eng
4;0.07487848628570574;BP;1;-145.96526394334364
2;0.1715372381352686;BP;1;-148.58816562566864
8;0.010217932395437722;BP;1;-144.25078642842416
16;4.276649444224393e-15;BP;1;-144.18210089839386
32;4.276649444224393e-15;BP;1;-144.18210089839386
