D;Delta;env;chi;eng
32;0.00014843748338386512;BP;1;-159.52720138856665
