D;Delta;env;chi;eng
2;0.14132807531234254;BP;1;-148.53608754525231
4;0.027739448799793502;BP;1;-144.83496934130397
8;2.6014300321666015e-15;BP;1;-144.38029646255777
16;2.6014300321666015e-15;BP;1;-144.38029646255777
32;2.6014300321666015e-15;BP;1;-144.38029646255777
