D;Delta;env;chi;eng
4;0.2750082885573881;BP;1;-182.71889906305285
8;0.13684189747535905;BP;1;-176.34718476247784
16;0.05346989167093601;BP;1;-173.36104224440706
