D;Delta;env;chi;eng
32;0.1818500821037022;BP;1;-178.22137760653774
