D;Delta;env;chi;eng
4;0.4309886415995461;BP;1;-183.4452373933975
8;0.25314944599851635;BP;1;-182.7417000243805
16;0.16392917798548134;BP;1;-182.21739159269586
