D;Delta;env;chi;eng
4;0.08926521800348662;BP;1;-186.5139230989073
8;0.05042970727802477;BP;1;-186.38742003705104
16;0.025769268199210642;BP;1;-186.28576570917798
