D;Delta;env;chi;eng
2;0.17727548398325932;BP;1;-207.43730816259645
8;0.02066964461003923;BP;1;-202.883731063272
4;0.08236329606562762;BP;1;-204.66487898381234
16;0.0013498390931115393;BP;1;-202.63008942522998
32;8.920936407271235e-15;BP;1;-202.62789194681687
