D;Delta;env;chi;eng
2;0.23501057161372596;BP;1;-165.09911395419994
4;0.09857578313476134;BP;1;-163.10974597134384
8;0.0390887955839462;BP;1;-162.1678599034281
16;0.00790356073211515;BP;1;-161.8003540254735
32;0.0007323033155963716;BP;1;-161.77295125183727
