D;Delta;env;chi;eng
2;0.573413937167381;BP;1;-173.95717859058243
4;0.3381566544130643;BP;1;-170.18434829139034
8;0.2104766984222085;BP;1;-167.1934750807046
16;0.11961016463354521;BP;1;-165.15292784424426
32;0.057528324901207635;BP;1;-164.03759957873524
