D;Delta;env;chi;eng
2;0.09555987258692694;BP;1;-150.1414288736859
4;8.904813631124219e-16;BP;1;-145.89673387850223
8;8.904813631124219e-16;BP;1;-145.89673387850223
16;8.904813631124219e-16;BP;1;-145.89673387850223
32;8.904813631124219e-16;BP;1;-145.89673387850223
