D;Delta;env;chi;eng
4;0.12450130366152602;BP;1;-165.78426687476048
2;0.2439580281304473;BP;1;-168.21017203368035
8;0.05322139602260677;BP;1;-164.28852291808653
16;0.013093602486138507;BP;1;-163.6668174503271
32;0.0015755625185797095;BP;1;-163.59711023262122
