D;Delta;env;chi;eng
2;2.8582068192059636e-16;BP;1;-83.96807982916432
4;2.8582068192059636e-16;BP;1;-83.96807982916432
8;2.8582068192059636e-16;BP;1;-83.96807982916432
16;2.8582068192059636e-16;BP;1;-83.96807982916432
32;2.8582068192059636e-16;BP;1;-83.96807982916432
