D;Delta;env;chi;eng
32;0.04720389885750857;BP;1;-175.4752924302208
