D;Delta;env;chi;eng
2;0.09595469273503716;BP;1;-150.37366259738027
8;8.102210392261557e-16;BP;1;-145.86052455748805
4;8.102210392261557e-16;BP;1;-145.86052455748805
32;8.102210392261557e-16;BP;1;-145.86052455748805
16;8.102210392261557e-16;BP;1;-145.86052455748805
