D;Delta;env;chi;eng
32;0.05697269881605162;BP;1;-188.52633835475302
