D;Delta;env;chi;eng
32;0.00030741292307820574;BP;1;-159.34562111994518
