D;Delta;env;chi;eng
32;0.13486411677948;BP;1;-177.325554292882
