D;Delta;env;chi;eng
4;0.5653509822231938;BP;1;-177.4329340236224
8;0.3273905371804072;BP;1;-176.22424189236077
16;0.20133899495030047;BP;1;-175.39618765673214
