D;Delta;env;chi;eng
2;0.14699351405187316;BP;1;-134.73692550517075
4;0.039791929381448744;BP;1;-131.10884889604293
16;1.7320257001337658e-15;BP;1;-130.2701637506378
8;1.7320257001337658e-15;BP;1;-130.2701637506378
32;1.7320257001337658e-15;BP;1;-130.2701637506378
