D;Delta;env;chi;eng
32;0.07212217076145806;BP;1;-180.96220641412543
