D;Delta;env;chi;eng
2;0.1401843514744371;BP;1;-175.46415022365375
4;0.0399873638819998;BP;1;-171.58349586285985
16;1.6973390071885623e-15;BP;1;-170.42663689246822
8;1.6973390071885623e-15;BP;1;-170.42663689246822
32;1.6973390071885623e-15;BP;1;-170.42663689246822
