D;Delta;env;chi;eng
2;0.4862209818632538;BP;1;-227.26550072391896
4;0.27211353773410907;BP;1;-223.7252311332274
8;0.16709028855013727;BP;1;-221.4984443748909
16;0.09937856431985762;BP;1;-220.22404918175428
32;0.05053276450659065;BP;1;-219.49085428527235
