D;Delta;env;chi;eng
2;0.10415613109769979;BP;1;-150.75607822980476
16;8.462204171025667e-16;BP;1;-145.39111698291975
4;8.462204171025667e-16;BP;1;-145.39111698291975
8;8.462204171025667e-16;BP;1;-145.39111698291975
32;8.462204171025667e-16;BP;1;-145.39111698291975
