D;Delta;env;chi;eng
4;0.12040741338671096;BP;1;-212.70155250947872
2;0.23528921562631183;BP;1;-216.76110547000133
8;0.04463935085993613;BP;1;-210.11578336468415
16;0.007265609268669307;BP;1;-209.29579322909188
32;0.00045938039404927786;BP;1;-209.25497476775993
