D;Delta;env;chi;eng
2;0.4888523221112719;BP;1;-227.9452142187359
4;0.27461788806830784;BP;1;-224.56144427431568
8;0.1682235978382536;BP;1;-222.365439567449
16;0.10116401519753715;BP;1;-221.14035344669148
32;0.05282254559347649;BP;1;-220.44354594110231
