D;Delta;env;chi;eng
32;0.06713289929566563;BP;1;-176.7717167713089
