D;Delta;env;chi;eng
32;0.020909058038829472;BP;1;-182.77926222713518
