D;Delta;env;chi;eng
2;0.09562269302376072;BP;1;-118.26525412928119
16;8.215681191497679e-16;BP;1;-114.65570145792792
4;8.215681191497679e-16;BP;1;-114.65570145792792
8;8.215681191497679e-16;BP;1;-114.65570145792792
32;8.215681191497679e-16;BP;1;-114.65570145792792
