D;Delta;env;chi;eng
2;0.14599649160746844;BP;1;-118.93057750137577
4;0.029462905538385164;BP;1;-115.92936639598659
8;3.0810330829377576e-15;BP;1;-115.5071918543791
16;3.0810330829377576e-15;BP;1;-115.5071918543791
32;3.0810330829377576e-15;BP;1;-115.5071918543791
