D;Delta;env;chi;eng
2;0.09861208092188987;BP;1;-119.31460306608034
4;8.891634769587377e-16;BP;1;-115.69172434565262
8;8.891634769587377e-16;BP;1;-115.69172434565262
16;8.891634769587377e-16;BP;1;-115.69172434565262
32;8.891634769587377e-16;BP;1;-115.69172434565262
