D;Delta;env;chi;eng
32;0.033672579960058804;BP;1;-175.45114487293318
