D;Delta;env;chi;eng
32;0.02505665912967022;BP;1;-164.91295883856552
