D;Delta;env;chi;eng
32;0.06059493623499722;BP;1;-183.11475008525844
