D;Delta;env;chi;eng
32;0.004111997172862451;BP;1;-171.88378399032945
