D;Delta;env;chi;eng
4;0.5969543579292306;BP;1;-159.04700763981103
8;0.3143166245322614;BP;1;-156.4908737900713
16;0.16810931062377416;BP;1;-154.95530011139812
