D;Delta;env;chi;eng
4;0.2928564182312144;BP;1;-178.17935063956492
8;0.1463014402039378;BP;1;-177.61277888049253
16;0.08427750181047321;BP;1;-177.35748505679035
