D;Delta;env;chi;eng
32;0.0030522691031783927;BP;1;-168.5214488838357
