D;Delta;env;chi;eng
32;0.022512298631976322;BP;1;-189.60377123840922
