D;Delta;env;chi;eng
32;0.0636700932951907;BP;1;-162.2667546094618
