D;Delta;env;chi;eng
2;0.09529143817939309;BP;1;-132.56511611919265
4;0.033658108868339864;BP;1;-131.6662202186797
8;0.005867004422666187;BP;1;-131.48329839110818
16;0.0002867974193662158;BP;1;-131.47107505446763
32;8.069874283397734e-15;BP;1;-131.47104077609762
