D;Delta;env;chi;eng
32;0.04151226121295687;BP;1;-170.59478811212114
