D;Delta;env;chi;eng
32;0.007860649908863898;BP;1;-178.72878959711576
