D;Delta;env;chi;eng
4;0.46072329880661134;BP;1;-182.02773643652654
8;0.27400287721843014;BP;1;-181.13113975383877
16;0.17881827515403562;BP;1;-180.56602099797163
