D;Delta;env;chi;eng
2;0.24568908148792032;BP;1;-220.91078125691428
4;0.12462052127263269;BP;1;-217.29233692337158
8;0.054397538832707794;BP;1;-215.28243896029375
16;0.012740943398292032;BP;1;-214.36560048085994
32;0.0015094983733154488;BP;1;-214.27230581309948
