D;Delta;env;chi;eng
4;0.1860665530068834;BP;1;-175.11643875358857
8;0.11519618035086918;BP;1;-173.87617480666646
16;0.06648824577301496;BP;1;-173.16701352048034
