D;Delta;env;chi;eng
4;0.06935400189948594;BP;1;-191.2822600736882
2;0.16651393115895521;BP;1;-194.83097687421002
16;4.949309051727707e-15;BP;1;-189.1922420341136
8;0.009064034644173938;BP;1;-189.26748751881738
32;4.949309051727707e-15;BP;1;-189.1922420341136
