D;Delta;env;chi;eng
32;0.05325726248623764;BP;1;-186.7709751172467
