D;Delta;env;chi;eng
4;0.2024005259233;BP;1;-183.53799242692642
8;0.13301018215086052;BP;1;-182.87397779307997
16;0.08989493256106003;BP;1;-182.4199390127126
