D;Delta;env;chi;eng
4;0.04131524348266747;BP;1;-128.4382121073126
2;0.11813972092066646;BP;1;-129.86062764914587
32;5.326707766925863e-15;BP;1;-127.92928130933699
8;0.003948274312668436;BP;1;-127.93765084716102
16;5.326707766925863e-15;BP;1;-127.92928130933699
