D;Delta;env;chi;eng
2;0.16453078597818083;BP;1;-152.58737537661256
4;0.07208260611707583;BP;1;-149.75549997370257
8;0.009500914880818305;BP;1;-147.99348062242362
16;4.986177608527542e-15;BP;1;-147.9266246502466
32;4.986177608527542e-15;BP;1;-147.9266246502466
