D;Delta;env;chi;eng
4;0.10658453676307597;BP;1;-226.54341846928753
2;0.22797496349314;BP;1;-228.58737470855112
8;0.05519995883799892;BP;1;-225.7387854711281
16;0.02184420967534758;BP;1;-225.30654680838174
32;0.0055077219879980325;BP;1;-225.1888299909593
64;0.000917451304757426;BP;1;-225.1772838801101
