D;Delta;env;chi;eng
32;0.08153641646031379;BP;1;-173.77804546666803
