D;Delta;env;chi;eng
2;3.013213911569622e-16;BP;1;-104.7932274120145
4;3.013213911569622e-16;BP;1;-104.7932274120145
8;3.013213911569622e-16;BP;1;-104.7932274120145
16;3.013213911569622e-16;BP;1;-104.7932274120145
32;3.013213911569622e-16;BP;1;-104.7932274120145
