D;Delta;env;chi;eng
4;0.3565901981315918;BP;1;-184.63857641884113
8;0.21380064400614626;BP;1;-183.8566632375343
16;0.14589194951484227;BP;1;-183.3752355999505
