D;Delta;env;chi;eng
4;0.0723906721884595;BP;1;-190.51400598362406
8;0.009883232567398122;BP;1;-188.27344352063923
16;5.82529809874423e-15;BP;1;-188.18471743353805
2;0.17372635943246387;BP;1;-194.5032852165698
32;5.82529809874423e-15;BP;1;-188.18471743353805
