D;Delta;env;chi;eng
32;0.02419843042928559;BP;1;-181.6558447445581
