D;Delta;env;chi;eng
2;0.22088936507561496;BP;1;-165.9680128481595
4;0.1176302282867435;BP;1;-163.56711929661537
8;0.04322238133895616;BP;1;-161.71948223074293
16;0.0069633716796282975;BP;1;-161.1373178637748
32;0.00043825594732599263;BP;1;-161.10752540181142
