D;Delta;env;chi;eng
2;0.1741587254354044;BP;1;-149.84768842019
4;0.07433904393192409;BP;1;-147.17227615665615
16;4.08741626560106e-15;BP;1;-145.37242720906113
8;0.010296451678690895;BP;1;-145.4432498670313
32;4.08741626560106e-15;BP;1;-145.37242720906113
