D;Delta;env;chi;eng
32;0.0005323447338445207;BP;1;-163.33649391717447
