D;Delta;env;chi;eng
4;0.037488708567751265;BP;1;-134.08111303721307
2;0.13503182456877216;BP;1;-137.03909043635167
8;1.6106664611411205e-15;BP;1;-133.3179328856441
16;1.6106664611411205e-15;BP;1;-133.3179328856441
32;1.6106664611411205e-15;BP;1;-133.3179328856441
