D;Delta;env;chi;eng
32;0.19237735320734684;BP;1;-177.3983995438231
