D;Delta;env;chi;eng
2;0.1255972230426519;BP;1;-170.20680224172656
4;0.0334749357315113;BP;1;-167.4251726058014
32;1.9365051624934596e-15;BP;1;-166.5975825483826
8;1.9365051624934596e-15;BP;1;-166.5975825483826
16;1.9365051624934596e-15;BP;1;-166.5975825483826
