D;Delta;env;chi;eng
2;0.22166228741427252;BP;1;-216.0770898390372
4;0.11610684999966633;BP;1;-212.35804732556065
8;0.04253779937526969;BP;1;-209.9382224303785
16;0.006324644593964484;BP;1;-209.19427071085295
32;0.00037594542295840927;BP;1;-209.16443797278728
