D;Delta;env;chi;eng
32;0.08603796695719626;BP;1;-157.97987874217011
