D;Delta;env;chi;eng
4;0.3216841441672113;BP;1;-172.26920791709134
8;0.14515957823829556;BP;1;-171.4616169370015
16;0.07332737496742707;BP;1;-171.16301086707622
