D;Delta;env;chi;eng
32;0.0713600027343602;BP;1;-175.67837038382712
