D;Delta;env;chi;eng
32;0.02593212637558487;BP;1;-181.2449521871694
