D;Delta;env;chi;eng
32;0.0831372728900662;BP;1;-178.19415896775067
