D;Delta;env;chi;eng
32;0.027426486845073383;BP;1;-187.74077630082004
