D;Delta;env;chi;eng
32;0.008047586103180956;BP;1;-177.13578211069083
