D;Delta;env;chi;eng
8;0.02313856773302151;BP;1;-202.07815491491021
2;0.1896606580117876;BP;1;-207.7833620611243
4;0.09052461939193293;BP;1;-204.25534917818698
16;0.0016890457420825902;BP;1;-201.76185978057438
32;8.619157934313098e-15;BP;1;-201.75842905037632
