D;Delta;env;chi;eng
2;0.15793198681808407;BP;1;-148.30788986649358
4;0.0666506193678092;BP;1;-145.80062413762158
8;0.008930166228392994;BP;1;-144.35901575657283
16;4.589780794973418e-15;BP;1;-144.306815795756
32;4.589780794973418e-15;BP;1;-144.306815795756
