D;Delta;env;chi;eng
32;0.005840744696353829;BP;1;-167.44272029688767
