D;Delta;env;chi;eng
4;0.03899450311791889;BP;1;-134.36348127175785
2;0.13936548526922604;BP;1;-137.2995767025605
32;1.5419846119746816e-15;BP;1;-133.5026754630241
8;1.5419846119746816e-15;BP;1;-133.5026754630241
16;1.5419846119746816e-15;BP;1;-133.5026754630241
