D;Delta;env;chi;eng
4;0.08283533295867264;BP;1;-220.11392858812061
2;0.17535718435180833;BP;1;-221.84245444594873
8;0.03303984966988884;BP;1;-219.13986471033564
16;0.006371449879204237;BP;1;-218.76607961290702
32;0.0005793287200897089;BP;1;-218.74144729323814
