D;Delta;env;chi;eng
2;0.3671445781902525;BP;1;-129.51235081332467
4;0.14655996324217985;BP;1;-119.9807031611706
16;5.7336450953813374e-15;BP;1;-114.8864373230776
8;0.029797438110597287;BP;1;-115.36907663418675
32;5.7336450953813374e-15;BP;1;-114.8864373230776
