D;Delta;env;chi;eng
32;0.011888496794461273;BP;1;-181.03648519235125
