D;Delta;env;chi;eng
4;0.3658116551904781;BP;1;-185.54068462757004
8;0.2082657240913601;BP;1;-185.01841853546264
16;0.1359317123786514;BP;1;-184.64916070951895
