D;Delta;env;chi;eng
32;0.00246556960944781;BP;1;-127.8282352783784
