D;Delta;env;chi;eng
2;0.47594024353165976;BP;1;-143.20454436563577
4;0.23296744603293185;BP;1;-134.75802150382822
8;0.09381339817525639;BP;1;-129.94514987146925
16;0.02400033278702935;BP;1;-128.08037500805574
32;0.00246556960944781;BP;1;-127.8282352783784
