D;Delta;env;chi;eng
2;0.18257347575630015;BP;1;-208.64480715286362
8;0.02234815752785103;BP;1;-203.29911751744038
4;0.08801102476177111;BP;1;-205.40394648313858
16;0.0016180771566216454;BP;1;-203.00369875870416
32;8.63334458767434e-15;BP;1;-203.0005380640495
