D;Delta;env;chi;eng
4;0.407475928940536;BP;1;-211.66238205748382
8;0.236212669193171;BP;1;-209.01905921326832
16;0.13757867740411114;BP;1;-207.3337359689481
