D;Delta;env;chi;eng
32;4.261334212244192e-15;BP;1;-145.25618948669924
