D;Delta;env;chi;eng
32;0.0023265524986389474;BP;1;-168.40739790463365
