D;Delta;env;chi;eng
2;0.12079815948395985;BP;1;-148.66295991445588
16;9.33747437810501e-16;BP;1;-141.54861893709392
4;9.33747437810501e-16;BP;1;-141.54861893709392
8;9.33747437810501e-16;BP;1;-141.54861893709392
32;9.33747437810501e-16;BP;1;-141.54861893709392
