D;Delta;env;chi;eng
2;0.5193351258371701;BP;1;-146.22131632387143
4;0.2767129089408213;BP;1;-138.04549076315035
8;0.1277075537187655;BP;1;-132.72266555511774
16;0.044799664563500805;BP;1;-130.3593918516297
32;0.008920967591397117;BP;1;-129.76803575278194
