D;Delta;env;chi;eng
32;0.0478657463729707;BP;1;-180.1636628299113
