D;Delta;env;chi;eng
4;8.818046873263733e-16;BP;1;-112.40341879576943
2;0.09667964409325533;BP;1;-116.13724633270978
8;8.818046873263733e-16;BP;1;-112.40341879576943
16;8.818046873263733e-16;BP;1;-112.40341879576943
32;8.818046873263733e-16;BP;1;-112.40341879576943
