D;Delta;env;chi;eng
4;2.646430089624481e-16;BP;1;-83.06962203324612
2;2.646430089624481e-16;BP;1;-83.06962203324612
8;2.646430089624481e-16;BP;1;-83.06962203324612
16;2.646430089624481e-16;BP;1;-83.06962203324612
32;2.646430089624481e-16;BP;1;-83.06962203324612
