D;Delta;env;chi;eng
32;0.008679287196270894;BP;1;-178.67471709571254
