D;Delta;env;chi;eng
32;0.024372078425569117;BP;1;-184.6587913683321
