D;Delta;env;chi;eng
32;0.2752335242240021;BP;1;-173.72426791186268
