D;Delta;env;chi;eng
2;0.15211935545119892;BP;1;-174.7313829151106
16;2.022877832049099e-15;BP;1;-168.13136618093552
4;0.04177873506411412;BP;1;-169.38277874325158
8;2.022877832049099e-15;BP;1;-168.13136618093552
32;2.022877832049099e-15;BP;1;-168.13136618093552
