D;Delta;env;chi;eng
32;0.057751542856655805;BP;1;-184.15399569056953
