D;Delta;env;chi;eng
2;0.15409112729217506;BP;1;-175.16963010908262
4;0.04403773185329292;BP;1;-169.5733759830938
32;1.4726730857496653e-15;BP;1;-168.18012260060416
8;1.4726730857496653e-15;BP;1;-168.18012260060416
16;1.4726730857496653e-15;BP;1;-168.18012260060416
