D;Delta;env;chi;eng
32;0.006931713328233486;BP;1;-156.2421590547702
