D;Delta;env;chi;eng
4;0.08385118338669037;BP;1;-209.49489832814305
2;0.1857158953815134;BP;1;-213.40532663289997
8;0.0285513497925392;BP;1;-208.22231778423583
16;0.0040518196490004574;BP;1;-207.85896235136423
32;0.00022011203952470665;BP;1;-207.8458472437832
