D;Delta;env;chi;eng
32;2.2032531710596093e-15;BP;1;-108.70135061650925
