D;Delta;env;chi;eng
2;0.1519532500385692;BP;1;-136.1182192190755
4;0.04295682124086607;BP;1;-131.93161645319773
8;1.6519318422071313e-15;BP;1;-130.92100077288168
32;1.6519318422071313e-15;BP;1;-130.92100077288168
16;1.6519318422071313e-15;BP;1;-130.92100077288168
