D;Delta;env;chi;eng
32;0.004771081385733452;BP;1;-174.83293192746115
