D;Delta;env;chi;eng
32;0.06969058338721733;BP;1;-182.78920196013476
