D;Delta;env;chi;eng
32;0.062331797454199624;BP;1;-187.47828497401937
