D;Delta;env;chi;eng
2;0.25126277400698654;BP;1;-221.5381647363916
4;0.12481848381838687;BP;1;-217.82433026514644
8;0.053925565804224425;BP;1;-215.80398625166478
16;0.012914300197159476;BP;1;-214.90666466653283
32;0.0015401497527212046;BP;1;-214.81108958476113
