D;Delta;env;chi;eng
8;8.581629454182804e-16;BP;1;-114.95621278870847
32;8.581629454182804e-16;BP;1;-114.95621278870847
16;8.581629454182804e-16;BP;1;-114.95621278870847
4;8.581629454182804e-16;BP;1;-114.95621278870847
2;0.1024349559360974;BP;1;-118.82841611076783
