D;Delta;env;chi;eng
2;0.20906084373653488;BP;1;-167.05453261417318
8;0.040378937764285874;BP;1;-163.22684509652652
4;0.11180242640253299;BP;1;-164.9477874908479
16;0.006130351918767803;BP;1;-162.71325983329137
32;0.00036480625009692756;BP;1;-162.6902864525362
