D;Delta;env;chi;eng
4;0.08651456483852708;BP;1;-239.61136011370837
8;0.050153169072008646;BP;1;-239.42761917490847
16;0.025783390164130164;BP;1;-239.29431799707464
