D;Delta;env;chi;eng
4;0.08562928586616075;BP;1;-159.3185008778791
2;0.17294327786169733;BP;1;-161.28152441791133
8;0.02148064797833909;BP;1;-157.73858990603378
16;0.0015573026795106186;BP;1;-157.5269116330236
32;9.560742073435644e-15;BP;1;-157.5246057113835
