D;Delta;env;chi;eng
4;8.97148508179265e-16;BP;1;-111.01481827860327
2;0.12185057913863061;BP;1;-116.70633210078428
16;8.97148508179265e-16;BP;1;-111.01481827860327
8;8.97148508179265e-16;BP;1;-111.01481827860327
32;8.97148508179265e-16;BP;1;-111.01481827860327
