D;Delta;env;chi;eng
2;0.42576362799482287;BP;1;-142.15059273210304
4;0.21606541050564498;BP;1;-137.78005842220074
8;0.09537846657391982;BP;1;-134.3237979170044
16;0.029590875192835077;BP;1;-132.85394560560331
32;0.005066191164761459;BP;1;-132.5594069326249
