D;Delta;env;chi;eng
4;0.08668682080788671;BP;1;-238.41312345760775
8;0.05474716001140595;BP;1;-238.20294380740373
16;0.03387708255941684;BP;1;-238.05600436402992
