D;Delta;env;chi;eng
32;0.09538386874773369;BP;1;-184.4400287618742
