D;Delta;env;chi;eng
4;0.11379144925125007;BP;1;-217.48678625239103
8;0.0534038379476299;BP;1;-216.0480784528848
16;0.014919218247969063;BP;1;-215.31394401539833
