D;Delta;env;chi;eng
32;0.040622286025348765;BP;1;-190.0216686473645
