D;Delta;env;chi;eng
2;0.21130895230306326;BP;1;-209.3052987125689
4;0.10318587347024652;BP;1;-205.13011295984595
8;0.02788538719835304;BP;1;-202.3222640432183
16;0.0021891744538176717;BP;1;-201.87404032458937
32;8.74486958167827e-15;BP;1;-201.86827824924893
