D;Delta;env;chi;eng
32;0.05046723911672914;BP;1;-186.37448624313603
