D;Delta;env;chi;eng
32;4.2088225125720454e-15;BP;1;-144.227253236312
