D;Delta;env;chi;eng
4;0.18784004665903037;BP;1;-238.48156648261076
8;0.12683068700325806;BP;1;-237.47135411754684
16;0.08252697347010376;BP;1;-236.67464462215528
32;0.046940531593758;BP;1;-236.1527156035773
