D;Delta;env;chi;eng
2;0.11850772537615409;BP;1;-148.4496224437874
4;9.32099423787295e-16;BP;1;-141.463690731792
8;9.32099423787295e-16;BP;1;-141.463690731792
16;9.32099423787295e-16;BP;1;-141.463690731792
32;9.32099423787295e-16;BP;1;-141.463690731792
