D;Delta;env;chi;eng
32;9.253635490425245e-16;BP;1;-144.21772266616006
8;9.253635490425245e-16;BP;1;-144.21772266616006
2;0.10098181970670272;BP;1;-148.99481256853147
4;9.253635490425245e-16;BP;1;-144.21772266616006
16;9.253635490425245e-16;BP;1;-144.21772266616006
