D;Delta;env;chi;eng
2;0.16642567715902867;BP;1;-146.49808428705256
4;0.07047932155200665;BP;1;-144.09056033087685
16;4.5111967528901326e-15;BP;1;-142.50913165189056
32;4.5111967528901326e-15;BP;1;-142.50913165189056
8;0.009683954798111587;BP;1;-142.56944021681775
