D;Delta;env;chi;eng
2;0.39249048759242006;BP;1;-130.75697115771823
4;0.1677706654538707;BP;1;-124.74911773681428
8;0.05113118006369916;BP;1;-120.8868160839494
16;0.00640712568136415;BP;1;-119.9957588939191
32;9.813618826911493e-15;BP;1;-119.96564897159514
