D;Delta;env;chi;eng
32;0.03129142025826419;BP;1;-166.317445611588
