D;Delta;env;chi;eng
4;0.14411283536583838;BP;1;-177.90820843332884
8;0.08660209978724652;BP;1;-177.20596363549615
16;0.04322180690210276;BP;1;-176.6327635125101
