D;Delta;env;chi;eng
32;0.07086067428191507;BP;1;-188.7977246560913
