D;Delta;env;chi;eng
2;0.15287234425440158;BP;1;-138.90501269520786
4;0.042504605780677565;BP;1;-134.1962163162213
16;1.8442548154897243e-15;BP;1;-133.11022082288775
32;1.8442548154897243e-15;BP;1;-133.11022082288775
8;1.8442548154897243e-15;BP;1;-133.11022082288775
