D;Delta;env;chi;eng
2;3.252361526662589e-16;BP;1;-82.78465243142332
4;3.252361526662589e-16;BP;1;-82.78465243142332
8;3.252361526662589e-16;BP;1;-82.78465243142332
16;3.252361526662589e-16;BP;1;-82.78465243142332
32;3.252361526662589e-16;BP;1;-82.78465243142332
