D;Delta;env;chi;eng
2;0.17497030005676428;BP;1;-163.82252551066657
8;0.02935444216111808;BP;1;-161.4018867178306
4;0.0860576173855992;BP;1;-162.41287966678772
16;0.004075554576643728;BP;1;-161.13763523697816
32;0.00020859503363928418;BP;1;-161.1284036251519
