D;Delta;env;chi;eng
2;0.17281966876769675;BP;1;-193.0743587621787
4;0.06973824653158085;BP;1;-189.49271792577574
8;0.009218795872593126;BP;1;-187.5334124106728
16;4.5910662899251085e-15;BP;1;-187.45586538201243
32;4.5910662899251085e-15;BP;1;-187.45586538201243
