D;Delta;env;chi;eng
32;8.5635449933088895e-16;BP;1;-112.99932628478
8;8.5635449933088895e-16;BP;1;-112.99932628478
4;8.5635449933088895e-16;BP;1;-112.99932628478
16;8.5635449933088895e-16;BP;1;-112.99932628478
2;0.10114208683468259;BP;1;-117.08185672066227
