D;Delta;env;chi;eng
32;0.07013108629114793;BP;1;-166.56073479669834
