D;Delta;env;chi;eng
32;1.0133517346666622e-15;BP;1;-113.72691310341861
