D;Delta;env;chi;eng
4;0.038596053034545164;BP;1;-172.24195938752425
2;0.1360949505945122;BP;1;-176.1477161620634
8;1.6583288326604173e-15;BP;1;-171.17746757719573
16;1.6583288326604173e-15;BP;1;-171.17746757719573
32;1.6583288326604173e-15;BP;1;-171.17746757719573
