D;Delta;env;chi;eng
32;0.05644897251520341;BP;1;-188.2568042018376
