D;Delta;env;chi;eng
32;0.0015227838337568249;BP;1;-163.7352991302137
