D;Delta;env;chi;eng
8;0.009103575143994291;BP;1;-189.35616137386785
2;0.16758237100171625;BP;1;-195.01080241381362
4;0.06968940565706785;BP;1;-191.39360325317548
16;4.736436098735194e-15;BP;1;-189.27996879570483
32;4.736436098735194e-15;BP;1;-189.27996879570483
