D;Delta;env;chi;eng
2;0.16764255217158602;BP;1;-174.12467037562473
4;0.04934058281795867;BP;1;-167.54691053302295
8;1.526377134772826e-15;BP;1;-165.8206129330539
32;1.526377134772826e-15;BP;1;-165.8206129330539
16;1.526377134772826e-15;BP;1;-165.8206129330539
