D;Delta;env;chi;eng
32;0.0008548551951730022;BP;1;-167.63420249546442
