D;Delta;env;chi;eng
2;0.18350634210452157;BP;1;-216.01767074927423
4;0.09091560836651545;BP;1;-213.89507128603043
8;0.030667408089242634;BP;1;-212.3697905211163
16;0.003974413326959415;BP;1;-211.96850897136642
32;0.00019207129245727537;BP;1;-211.9563281086726
