D;Delta;env;chi;eng
4;0.08185610142156635;BP;1;-212.55748821143172
2;0.17272449095848993;BP;1;-214.9218099824597
8;0.027266089679039617;BP;1;-211.30206645386335
16;0.003580524775695332;BP;1;-210.97586811241413
32;0.00017324155087047814;BP;1;-210.96573548285934
