D;Delta;env;chi;eng
4;0.2282947874114924;BP;1;-130.8832468030968
2;0.45903865629603924;BP;1;-137.38222595023916
8;0.09231816857356136;BP;1;-126.26023494476787
16;0.022924337854606944;BP;1;-124.4449877779085
32;0.0023407149251804538;BP;1;-124.20537465855887
