D;Delta;env;chi;eng
32;0.05429815174818055;BP;1;-184.99066837510728
