D;Delta;env;chi;eng
16;9.30160748280069e-16;BP;1;-144.2717703693446
2;0.10108278156843482;BP;1;-149.28950255591855
8;9.30160748280069e-16;BP;1;-144.2717703693446
4;9.30160748280069e-16;BP;1;-144.2717703693446
32;9.30160748280069e-16;BP;1;-144.2717703693446
