D;Delta;env;chi;eng
32;0.06585385640927874;BP;1;-185.76889533651993
