D;Delta;env;chi;eng
2;0.2531525688616362;BP;1;-180.2986656062095
4;0.11542414097699684;BP;1;-178.74044121266502
8;0.0651491878154488;BP;1;-178.19583686757096
16;0.030804394557090185;BP;1;-177.84583806632537
32;0.010146967550506246;BP;1;-177.70530049027704
64;0.002318306818394942;BP;1;-177.6811370503848
