D;Delta;env;chi;eng
2;0.19248809060192232;BP;1;-160.21107739724624
4;0.09633433044861697;BP;1;-157.68264349671685
8;0.02540616000894503;BP;1;-155.77338573400598
16;0.002134837671588219;BP;1;-155.47403558517482
32;9.201624814737907e-15;BP;1;-155.46976622051466
