D;Delta;env;chi;eng
2;0.4226141194578043;BP;1;-182.77081345758708
4;0.1875266006456727;BP;1;-173.80165783631526
8;0.06961538737128337;BP;1;-168.97150191811556
16;0.015588628982889326;BP;1;-167.49064431803612
32;0.0013449462148326075;BP;1;-167.334143350974
