D;Delta;env;chi;eng
32;1.577664076323304e-15;BP;1;-129.88558888957942
