D;Delta;env;chi;eng
4;0.0885055998629803;BP;1;-156.9793382362723
2;0.1925134416458517;BP;1;-159.37197483088607
8;0.023169297196320028;BP;1;-155.37890081053106
16;0.0016889437718230697;BP;1;-155.1316888228024
32;7.356680382834702e-15;BP;1;-155.1289734105014
