D;Delta;env;chi;eng
2;0.11317569152111524;BP;1;-118.88084899846287
8;1.0133517346666622e-15;BP;1;-113.72691310341861
4;1.0133517346666622e-15;BP;1;-113.72691310341861
16;1.0133517346666622e-15;BP;1;-113.72691310341861
32;1.0133517346666622e-15;BP;1;-113.72691310341861
