D;Delta;env;chi;eng
2;2.835278920513814e-16;BP;1;-105.46762766878778
4;2.835278920513814e-16;BP;1;-105.46762766878778
8;2.835278920513814e-16;BP;1;-105.46762766878778
16;2.835278920513814e-16;BP;1;-105.46762766878778
32;2.835278920513814e-16;BP;1;-105.46762766878778
