D;Delta;env;chi;eng
4;0.21623054412741538;BP;1;-237.7422093733486
8;0.14202837807457314;BP;1;-237.23519867712946
16;0.1026149095817191;BP;1;-236.9425374528524
