D;Delta;env;chi;eng
4;0.08214017550656795;BP;1;-159.77356318590714
2;0.17873297934078808;BP;1;-162.16631487637886
8;0.027993300990922378;BP;1;-158.8635028303505
16;0.004054278319668076;BP;1;-158.61249108645896
32;0.00022022794951966266;BP;1;-158.60287427391447
