D;Delta;env;chi;eng
32;2.9405565162814923e-16;BP;1;-82.14987919870181
