D;Delta;env;chi;eng
32;0.06724370387571853;BP;1;-183.5100728746966
