D;Delta;env;chi;eng
32;0.07427637825338872;BP;1;-175.00715458186468
