D;Delta;env;chi;eng
4;0.07267705658340129;BP;1;-167.4539146710993
2;0.15291950440175178;BP;1;-168.5010562079976
8;0.027962099765583205;BP;1;-166.87609426809755
16;0.004969112170990765;BP;1;-166.67403078638822
32;0.0004233902405962308;BP;1;-166.6623532982568
