D;Delta;env;chi;eng
2;0.48197868483956735;BP;1;-182.87784045210145
4;0.232470128428877;BP;1;-170.7524303130564
8;0.0940342061515318;BP;1;-164.09152312081554
16;0.023693797891894748;BP;1;-161.6736781739116
32;0.0024459458630659812;BP;1;-161.34943925305024
