D;Delta;env;chi;eng
32;0.0029266154866191317;BP;1;-169.34277802796765
