D;Delta;env;chi;eng
2;0.09158411642497905;BP;1;-148.19596312516512
8;9.044258264871451e-16;BP;1;-144.30121024673562
4;9.044258264871451e-16;BP;1;-144.30121024673562
16;9.044258264871451e-16;BP;1;-144.30121024673562
32;9.044258264871451e-16;BP;1;-144.30121024673562
