D;Delta;env;chi;eng
4;0.17349873480108696;BP;1;-178.05712234562327
8;0.10901111763580783;BP;1;-177.01281395663284
16;0.06318502984195895;BP;1;-176.38579328781555
