D;Delta;env;chi;eng
32;0.016568602481320072;BP;1;-187.76887359978213
