D;Delta;env;chi;eng
2;0.21480379838267627;BP;1;-163.8905686527317
4;0.10319738569928705;BP;1;-161.79121653029648
8;0.03709933856057061;BP;1;-160.41302410095184
16;0.005683879628535835;BP;1;-160.00744645937897
32;0.0003182203202046373;BP;1;-159.98982045619064
