D;Delta;env;chi;eng
32;0.05113593121266362;BP;1;-168.08350437482295
