D;Delta;env;chi;eng
4;0.04818795666843901;BP;1;-130.30868138450649
2;0.1652221657967387;BP;1;-135.23669821147558
8;1.825232175980462e-15;BP;1;-129.05176318246183
16;1.825232175980462e-15;BP;1;-129.05176318246183
32;1.825232175980462e-15;BP;1;-129.05176318246183
