D;Delta;env;chi;eng
32;0.07773202492259126;BP;1;-188.252055104342
