D;Delta;env;chi;eng
2;0.15976069699755474;BP;1;-149.8724397740753
4;0.06834252437733943;BP;1;-147.37726423444838
16;4.559793626711978e-15;BP;1;-145.77055436452704
8;0.008403908339744508;BP;1;-145.82455899569226
32;4.559793626711978e-15;BP;1;-145.77055436452704
