D;Delta;env;chi;eng
4;0.08970857329802455;BP;1;-226.0365558848557
8;0.04279961043528828;BP;1;-225.25071204179932
16;0.013113132039534403;BP;1;-224.83840021654893
