D;Delta;env;chi;eng
32;0.0026449573985112282;BP;1;-167.7666908252639
