D;Delta;env;chi;eng
2;0.20316281164083533;BP;1;-161.05859732445003
4;0.08309395256261855;BP;1;-159.3210973368718
8;0.027239787800301098;BP;1;-158.41862278313852
16;0.0035992309105285225;BP;1;-158.19027002138122
32;0.00015842169664106578;BP;1;-158.1831455945471
