D;Delta;env;chi;eng
4;0.10376421812777575;BP;1;-180.31626368271623
8;0.056965987110251845;BP;1;-179.91823751949042
16;0.02825536897902222;BP;1;-179.68405642920493
