D;Delta;env;chi;eng
2;0.15077067663778349;BP;1;-139.2443867345993
4;0.041357443465091896;BP;1;-135.34245915633366
8;1.3807256052828745e-15;BP;1;-134.3173183481596
16;1.3807256052828745e-15;BP;1;-134.3173183481596
32;1.3807256052828745e-15;BP;1;-134.3173183481596
