D;Delta;env;chi;eng
32;0.0782843836584666;BP;1;-179.01246047909135
