D;Delta;env;chi;eng
32;0.03333568381825052;BP;1;-169.1378127811325
