D;Delta;env;chi;eng
32;0.0027982833443365345;BP;1;-169.93233665716477
