D;Delta;env;chi;eng
2;2.968923434958038e-16;BP;1;-83.21773536047138
4;2.968923434958038e-16;BP;1;-83.21773536047138
8;2.968923434958038e-16;BP;1;-83.21773536047138
16;2.968923434958038e-16;BP;1;-83.21773536047138
32;2.968923434958038e-16;BP;1;-83.21773536047138
