D;Delta;env;chi;eng
2;0.17454352693908542;BP;1;-207.0139666360434
4;0.0846901652708882;BP;1;-203.8056763596979
8;0.020702613454408353;BP;1;-201.81519749607432
16;0.0015270238288904454;BP;1;-201.55850328521797
32;1.0754049918097442e-14;BP;1;-201.55571467896436
