D;Delta;env;chi;eng
4;0.17933636738698558;BP;1;-177.90638169559392
8;0.114376140693788;BP;1;-177.03961671021324
16;0.06275921247705903;BP;1;-176.26165462105237
