D;Delta;env;chi;eng
4;0.08155415285130281;BP;1;-183.39785639786876
8;0.04419174094927609;BP;1;-183.19378856950112
16;0.023826905308484827;BP;1;-183.07653888092037
