D;Delta;env;chi;eng
2;0.1867955084682274;BP;1;-216.19217531737965
4;0.09261343572999091;BP;1;-213.61844699881942
8;0.03188589137576618;BP;1;-212.01376783394392
16;0.004307393146973705;BP;1;-211.57650134354955
32;0.0002262192394265747;BP;1;-211.56227884399593
