D;Delta;env;chi;eng
4;0.08710126349570045;BP;1;-216.90492545136573
2;0.17640960079626397;BP;1;-219.06347682969763
8;0.03453296501381446;BP;1;-215.8134210476092
16;0.006291005074221508;BP;1;-215.4117845512312
32;0.00056929986435746;BP;1;-215.38853577059172
