D;Delta;env;chi;eng
32;4.798119852993555e-15;BP;1;-143.0852734202211
