D;Delta;env;chi;eng
32;0.07592941524153902;BP;1;-186.37934515872695
