D;Delta;env;chi;eng
32;0.05952138837666443;BP;1;-185.74038359698002
