D;Delta;env;chi;eng
32;0.0005768632354983611;BP;1;-164.35910646477654
