D;Delta;env;chi;eng
2;0.09007698256225255;BP;1;-116.87914846202649
4;8.702666202860495e-16;BP;1;-113.65718242748471
16;8.702666202860495e-16;BP;1;-113.65718242748471
8;8.702666202860495e-16;BP;1;-113.65718242748471
32;8.702666202860495e-16;BP;1;-113.65718242748471
