D;Delta;env;chi;eng
32;0.03887860748539748;BP;1;-187.3030487629397
