D;Delta;env;chi;eng
2;0.12286713630253404;BP;1;-126.04983053340864
4;0.04553638247510487;BP;1;-124.4435406136505
32;5.834713842906994e-15;BP;1;-123.86779117059474
8;0.0045910489873810245;BP;1;-123.87812663304777
16;5.834713842906994e-15;BP;1;-123.86779117059474
