D;Delta;env;chi;eng
32;0.01434705894286182;BP;1;-168.566088439884
