D;Delta;env;chi;eng
2;0.5382694120378293;BP;1;-178.01277541256223
4;0.2901154571860575;BP;1;-175.8273528624196
8;0.17484717839467787;BP;1;-174.31392698623768
16;0.10476986355359574;BP;1;-173.29241475869955
32;0.05511864019900845;BP;1;-172.68340319330804
