D;Delta;env;chi;eng
2;0.4143350318875954;BP;1;-142.6992632000083
4;0.188044413914003;BP;1;-136.590916661916
8;0.06922398383904647;BP;1;-133.17714131885563
16;0.01581577750547433;BP;1;-132.06196835971377
32;0.0013565551418275733;BP;1;-131.94225438484068
