D;Delta;env;chi;eng
4;0.238207364884902;BP;1;-162.14087200018977
8;0.13902459943856182;BP;1;-159.28707903943726
16;0.0655907092904846;BP;1;-157.34801445447926
