D;Delta;env;chi;eng
4;0.07645858942072775;BP;1;-235.90209229623204
8;0.04328183771992433;BP;1;-235.63521810399394
16;0.02233803457807396;BP;1;-235.47213456123626
