D;Delta;env;chi;eng
4;0.026798913204517664;BP;1;-221.80970398874993
8;0.012887642509993134;BP;1;-221.76780572178774
16;0.004327674578628443;BP;1;-221.74112513299164
