D;Delta;env;chi;eng
2;0.16370355659970884;BP;1;-151.96815228290356
8;0.009229387432141287;BP;1;-147.54176851317737
4;0.0717353559460875;BP;1;-149.26409061315402
16;4.412360604971117e-15;BP;1;-147.47683280874173
32;4.412360604971117e-15;BP;1;-147.47683280874173
