D;Delta;env;chi;eng
4;0.09251028898098052;BP;1;-161.24816880495425
8;0.03168850533147638;BP;1;-160.1035604838326
2;0.18510055053887742;BP;1;-162.9598595103866
16;0.004812198803091676;BP;1;-159.79515389210684
32;0.000262173148839331;BP;1;-159.78204164567757
