D;Delta;env;chi;eng
2;0.33725061482962393;BP;1;-130.69190957870038
8;0.023413460709675593;BP;1;-118.31330055423203
4;0.12548753034956134;BP;1;-122.20432537628048
16;5.7127577989384225e-15;BP;1;-117.97057057746841
32;5.7127577989384225e-15;BP;1;-117.97057057746841
