D;Delta;env;chi;eng
8;0.008803964265704997;BP;1;-148.1530649918586
4;0.0686431660976775;BP;1;-149.76570456470378
2;0.16224645557370954;BP;1;-152.37435968386825
32;4.844296355866906e-15;BP;1;-148.09351331189237
16;4.844296355866906e-15;BP;1;-148.09351331189237
