D;Delta;env;chi;eng
2;3.0062171829336587e-16;BP;1;-83.76774812719898
4;3.0062171829336587e-16;BP;1;-83.76774812719898
8;3.0062171829336587e-16;BP;1;-83.76774812719898
32;3.0062171829336587e-16;BP;1;-83.76774812719898
16;3.0062171829336587e-16;BP;1;-83.76774812719898
