D;Delta;env;chi;eng
32;9.770386986397038e-15;BP;1;-152.56521224752672
