D;Delta;env;chi;eng
2;0.0949297241964412;BP;1;-138.17920937293857
8;0.0058107411732383225;BP;1;-137.14740857755964
4;0.0338562322218624;BP;1;-137.34940417029435
16;0.0002766455570153986;BP;1;-137.13358115684076
32;8.234428563329168e-15;BP;1;-137.13354046689432
