D;Delta;env;chi;eng
4;0.682490688682678;BP;1;-180.3530916775276
8;0.4129338873418098;BP;1;-179.45410661164453
16;0.2710163588242327;BP;1;-178.7572745446788
