D;Delta;env;chi;eng
32;0.08884979141067426;BP;1;-175.96055385600974
