D;Delta;env;chi;eng
32;8.97148508179265e-16;BP;1;-111.01481827860327
