D;Delta;env;chi;eng
4;0.2922853296679959;BP;1;-231.78594880772232
8;0.1762059197173015;BP;1;-230.92781591035958
16;0.11996510900493874;BP;1;-230.4936820980844
