D;Delta;env;chi;eng
32;9.422770133162884e-16;BP;1;-111.71516417140727
