D;Delta;env;chi;eng
32;0.06405718144741013;BP;1;-188.200237193281
