D;Delta;env;chi;eng
2;0.09713698701758128;BP;1;-119.50003355221568
4;8.820908714988708e-16;BP;1;-115.83806745491026
8;8.820908714988708e-16;BP;1;-115.83806745491026
16;8.820908714988708e-16;BP;1;-115.83806745491026
32;8.820908714988708e-16;BP;1;-115.83806745491026
