D;Delta;env;chi;eng
32;0.04507103300141829;BP;1;-175.0716369157129
