D;Delta;env;chi;eng
32;0.013978099391456632;BP;1;-181.77524822193223
