D;Delta;env;chi;eng
32;0.0011412063604034099;BP;1;-168.5526148652534
