D;Delta;env;chi;eng
32;0.02483402675023276;BP;1;-185.51932094485966
