D;Delta;env;chi;eng
32;0.05322667197309982;BP;1;-186.22100345484375
