D;Delta;env;chi;eng
2;3.2102337937558324e-16;BP;1;-81.29235533341429
4;3.2102337937558324e-16;BP;1;-81.29235533341429
32;3.2102337937558324e-16;BP;1;-81.29235533341429
8;3.2102337937558324e-16;BP;1;-81.29235533341429
16;3.2102337937558324e-16;BP;1;-81.29235533341429
