D;Delta;env;chi;eng
4;0.112399190606422;BP;1;-161.39050737186196
2;0.2233952413379166;BP;1;-163.7212903872078
8;0.040902077571069326;BP;1;-159.76712476105922
16;0.006820786858205396;BP;1;-159.2784761674099
32;0.0004153648408901805;BP;1;-159.25261341322874
