D;Delta;env;chi;eng
2;0.14355552123617044;BP;1;-99.58308293226851
4;9.361734983940099e-16;BP;1;-94.09654285202295
8;9.361734983940099e-16;BP;1;-94.09654285202295
16;9.361734983940099e-16;BP;1;-94.09654285202295
32;9.361734983940099e-16;BP;1;-94.09654285202295
