D;Delta;env;chi;eng
2;0.2235518871540791;BP;1;-214.62541657062454
4;0.10549170639799718;BP;1;-210.95123169702907
8;0.037493117673633974;BP;1;-208.9935832979119
16;0.005618013187778454;BP;1;-208.4149099075096
32;0.0003162952332361993;BP;1;-208.39087448632634
