D;Delta;env;chi;eng
4;0.16245249316133345;BP;1;-186.9709593977054
8;0.10787311639430008;BP;1;-186.6104460595329
16;0.07819373006869618;BP;1;-186.40342512716506
