D;Delta;env;chi;eng
32;0.06306638228298853;BP;1;-186.79326174870027
