D;Delta;env;chi;eng
32;4.384503543500381e-15;BP;1;-144.10692037630193
