D;Delta;env;chi;eng
32;0.01765059711817209;BP;1;-187.2703323346177
