D;Delta;env;chi;eng
32;0.0008594995133464483;BP;1;-162.2847439215974
