D;Delta;env;chi;eng
32;7.746675343848886e-15;BP;1;-153.199239454624
