D;Delta;env;chi;eng
32;1.6808485386236728e-15;BP;1;-132.63088563439067
