D;Delta;env;chi;eng
2;0.16642713969623169;BP;1;-162.62795469026582
8;0.026615203021654744;BP;1;-160.36628574966502
4;0.07975843092102668;BP;1;-161.21965263297912
16;0.003577782268442027;BP;1;-160.1457185532783
32;0.00017392159651045621;BP;1;-160.13850166768387
