D;Delta;env;chi;eng
32;0.15657701671452368;BP;1;-180.6949624335578
