D;Delta;env;chi;eng
8;0.023139314698082936;BP;1;-202.04129066646274
2;0.18963915846984938;BP;1;-207.8531250923141
4;0.09073987804591419;BP;1;-204.26575951347837
16;0.0018251105534701215;BP;1;-201.7191075547486
32;9.366060357519387e-15;BP;1;-201.7151625171919
