D;Delta;env;chi;eng
2;0.15381432147660218;BP;1;-134.94810151681008
4;0.042535391897346904;BP;1;-130.85275678165513
8;1.577664076323304e-15;BP;1;-129.88558888957942
16;1.577664076323304e-15;BP;1;-129.88558888957942
32;1.577664076323304e-15;BP;1;-129.88558888957942
