D;Delta;env;chi;eng
2;3.0348568235936224e-16;BP;1;-82.67355432811398
4;3.0348568235936224e-16;BP;1;-82.67355432811398
8;3.0348568235936224e-16;BP;1;-82.67355432811398
16;3.0348568235936224e-16;BP;1;-82.67355432811398
32;3.0348568235936224e-16;BP;1;-82.67355432811398
