D;Delta;env;chi;eng
2;0.09825424321840676;BP;1;-119.05503706722187
4;7.933194506622228e-16;BP;1;-115.19065111433925
8;7.933194506622228e-16;BP;1;-115.19065111433925
16;7.933194506622228e-16;BP;1;-115.19065111433925
32;7.933194506622228e-16;BP;1;-115.19065111433925
