D;Delta;env;chi;eng
32;0.013406011605743257;BP;1;-179.59211177152466
