D;Delta;env;chi;eng
4;0.0410767710615713;BP;1;-135.57025104804652
2;0.14729225472412705;BP;1;-139.52677985884978
8;1.5090679705316992e-15;BP;1;-134.55745998145858
16;1.5090679705316992e-15;BP;1;-134.55745998145858
32;1.5090679705316992e-15;BP;1;-134.55745998145858
