D;Delta;env;chi;eng
4;0.3294833997401127;BP;1;-185.60850751931008
8;0.19615078303014966;BP;1;-184.88065362483
16;0.13252272230096443;BP;1;-184.44990658379325
