D;Delta;env;chi;eng
32;0.008920967591397117;BP;1;-129.76803575278194
