D;Delta;env;chi;eng
2;0.16779712914354755;BP;1;-152.02054524731417
4;0.07113245918614142;BP;1;-149.2748791312686
8;0.009557893418300442;BP;1;-147.5634732829905
32;5.104661366367643e-15;BP;1;-147.49592708131863
