D;Delta;env;chi;eng
4;0.07019210008799763;BP;1;-240.49824141557588
8;0.04395068408442513;BP;1;-240.3755966045328
16;0.02880407602255847;BP;1;-240.3003876110723
