D;Delta;env;chi;eng
2;0.14022833908430965;BP;1;-174.72022272098886
16;1.5631934406547581e-15;BP;1;-169.77455210266626
8;1.5631934406547581e-15;BP;1;-169.77455210266626
4;0.04003216589504427;BP;1;-170.94686749180707
32;1.5631934406547581e-15;BP;1;-169.77455210266626
