D;Delta;env;chi;eng
32;0.0003926672181138908;BP;1;-159.81296417353488
