D;Delta;env;chi;eng
2;0.17218368563392406;BP;1;-166.81174428977997
4;0.08556828837491594;BP;1;-165.33003539313646
8;0.029015995466647994;BP;1;-164.29303168967724
16;0.003881888614084767;BP;1;-164.0114064665142
32;0.00019826930716013226;BP;1;-164.0018422714635
