D;Delta;env;chi;eng
2;0.2332761458776112;BP;1;-216.80745866429513
4;0.11381907751073192;BP;1;-212.8001291563148
8;0.041424651407731924;BP;1;-210.49021605983538
16;0.006760892904344246;BP;1;-209.7743263846291
32;0.00041218235567175017;BP;1;-209.7381400062648
