D;Delta;env;chi;eng
32;0.06301061745063696;BP;1;-184.88912037711628
