D;Delta;env;chi;eng
2;0.17347449730581602;BP;1;-166.18207997921814
4;0.08818687106933643;BP;1;-164.84154204426144
8;0.029690103556577502;BP;1;-163.75500872395122
16;0.0037946609492511274;BP;1;-163.46734805563773
32;0.00018328089008290223;BP;1;-163.4584637929877
