D;Delta;env;chi;eng
32;0.06615876143077253;BP;1;-177.16346769291664
