D;Delta;env;chi;eng
32;9.96416319443735e-15;BP;1;-120.39275452846645
