D;Delta;env;chi;eng
2;0.221829398303428;BP;1;-217.84518720888764
4;0.11471768523870117;BP;1;-214.37030446509394
8;0.0417812584405307;BP;1;-211.97445603827362
16;0.006410245843375815;BP;1;-211.24860892712607
32;0.0003823480887504696;BP;1;-211.2170541011451
