D;Delta;env;chi;eng
4;0.07616784074615182;BP;1;-202.62604112203783
2;0.1742991508985825;BP;1;-206.37702838905597
8;0.019125258740433308;BP;1;-201.06418967716309
16;0.0014503185299655735;BP;1;-200.83561888626312
32;9.281645342173239e-15;BP;1;-200.83314214833297
