D;Delta;env;chi;eng
2;0.4602239208771632;BP;1;-229.63066583660438
4;0.24227916502641836;BP;1;-226.93224094743115
8;0.14577509423938156;BP;1;-225.36148985375772
16;0.08754932221123943;BP;1;-224.48226179337715
32;0.04686833341384581;BP;1;-224.00400389853627
