D;Delta;env;chi;eng
2;2.6688020863742927e-16;BP;1;-105.38709882136878
4;2.6688020863742927e-16;BP;1;-105.38709882136878
8;2.6688020863742927e-16;BP;1;-105.38709882136878
16;2.6688020863742927e-16;BP;1;-105.38709882136878
32;2.6688020863742927e-16;BP;1;-105.38709882136878
