D;Delta;env;chi;eng
4;0.8485790099146231;BP;1;-176.89404073516585
8;0.5747469417348191;BP;1;-175.0261838250983
16;0.4095537157164977;BP;1;-173.56198222230825
