D;Delta;env;chi;eng
4;0.10501208927789366;BP;1;-176.95491497698245
8;0.05628373718390584;BP;1;-176.2990075139075
16;0.02168861120987455;BP;1;-175.87553175670686
32;0.005050360202757844;BP;1;-175.7601413664513
