D;Delta;env;chi;eng
2;0.14295812421174775;BP;1;-104.35278611492971
8;9.218218309642023e-16;BP;1;-98.09789386680218
4;9.218218309642023e-16;BP;1;-98.09789386680218
16;9.218218309642023e-16;BP;1;-98.09789386680218
32;9.218218309642023e-16;BP;1;-98.09789386680218
