D;Delta;env;chi;eng
32;0.062368798625292196;BP;1;-186.9883246140885
