D;Delta;env;chi;eng
4;0.1235140776722266;BP;1;-189.68347175295662
8;0.08535414816556257;BP;1;-189.52204411865213
16;0.06346952509784849;BP;1;-189.40124999538853
