D;Delta;env;chi;eng
4;0.3725024076751385;BP;1;-214.48057027193784
8;0.2140200186981309;BP;1;-212.34297969249056
16;0.12667252946145044;BP;1;-210.99598318240183
