D;Delta;env;chi;eng
4;0.04071025453019633;BP;1;-171.18905531827724
2;0.14087822700692798;BP;1;-175.29067677530557
16;1.6738270643558313e-15;BP;1;-169.995325136115
8;1.6738270643558313e-15;BP;1;-169.995325136115
32;1.6738270643558313e-15;BP;1;-169.995325136115
