D;Delta;env;chi;eng
32;7.693290643364347e-15;BP;1;-152.3250473677946
