D;Delta;env;chi;eng
32;3.1451082012337095e-16;BP;1;-83.55613508128441
2;3.1451082012337095e-16;BP;1;-83.55613508128441
16;3.1451082012337095e-16;BP;1;-83.55613508128441
8;3.1451082012337095e-16;BP;1;-83.55613508128441
4;3.1451082012337095e-16;BP;1;-83.55613508128441
