D;Delta;env;chi;eng
32;0.0026552529981058942;BP;1;-168.57459430739823
