D;Delta;env;chi;eng
2;0.16486263866674955;BP;1;-194.6317935169021
4;0.06883263334177307;BP;1;-190.55818641788022
8;0.009123998314977998;BP;1;-188.51148643381413
16;5.5925990327108175e-15;BP;1;-188.4365138524134
32;5.5925990327108175e-15;BP;1;-188.4365138524134
