D;Delta;env;chi;eng
32;0.0712541925829687;BP;1;-180.8096528101513
