D;Delta;env;chi;eng
32;0.021263301961608666;BP;1;-189.89980712542035
