D;Delta;env;chi;eng
2;0.15217435547351033;BP;1;-147.84942876537565
4;0.06710123047386363;BP;1;-145.69825268355214
8;0.008663739865948627;BP;1;-144.27632502488404
16;4.2088225125720454e-15;BP;1;-144.227253236312
32;4.2088225125720454e-15;BP;1;-144.227253236312
