D;Delta;env;chi;eng
2;0.17929753988752217;BP;1;-160.60270482067648
4;0.08834877713596803;BP;1;-158.50475447365875
8;0.02233158285070804;BP;1;-156.86146509000346
16;0.001740136334351158;BP;1;-156.6301200466779
32;9.261412972349486e-15;BP;1;-156.62728910575947
