D;Delta;env;chi;eng
32;0.025995494616116353;BP;1;-185.3601450971865
