D;Delta;env;chi;eng
2;0.5303371897980941;BP;1;-178.51294806615118
4;0.27747291561330684;BP;1;-176.60896152679643
8;0.1633694688533782;BP;1;-175.4198514117081
16;0.09780054734695934;BP;1;-174.558322652754
32;0.05216306975755613;BP;1;-174.0593968110185
