D;Delta;env;chi;eng
32;0.0005912782820682101;BP;1;-165.53150730633388
