D;Delta;env;chi;eng
2;0.16791573772398122;BP;1;-150.77719735476092
8;0.008898528965870026;BP;1;-146.56126566969638
4;0.06859438325340358;BP;1;-148.12312961278613
32;5.27277579886791e-15;BP;1;-146.50018888785394
16;5.27277579886791e-15;BP;1;-146.50018888785394
