D;Delta;env;chi;eng
2;0.1791023214873677;BP;1;-160.83284921365092
4;0.09008852334240697;BP;1;-158.55538057847693
8;0.022790071595239256;BP;1;-156.81822739465696
16;0.0018098292825788633;BP;1;-156.57947751761452
32;9.12243006625469e-15;BP;1;-156.57636791248567
