D;Delta;env;chi;eng
2;0.10541263274447968;BP;1;-119.58855093240768
4;8.371237317119846e-16;BP;1;-115.23876782739832
8;8.371237317119846e-16;BP;1;-115.23876782739832
16;8.371237317119846e-16;BP;1;-115.23876782739832
32;8.371237317119846e-16;BP;1;-115.23876782739832
