D;Delta;env;chi;eng
2;0.212812577921726;BP;1;-164.25272564447167
4;0.11370664870662889;BP;1;-162.05213557329364
8;0.04197272664217967;BP;1;-160.33652477752082
16;0.0063462928841627134;BP;1;-159.8201896472442
32;0.0003786396580083387;BP;1;-159.79858958466855
