D;Delta;env;chi;eng
32;0.04465126934397592;BP;1;-190.5139171333584
