D;Delta;env;chi;eng
4;0.3003863698527558;BP;1;-233.64266866871634
8;0.20183483080765763;BP;1;-232.7268312377669
16;0.1461710757403218;BP;1;-232.12937463095
