D;Delta;env;chi;eng
32;0.12807411608339458;BP;1;-179.51115859669085
