D;Delta;env;chi;eng
2;0.163481754771439;BP;1;-149.09609448272053
4;0.0710849006206826;BP;1;-146.6745683659442
8;0.009517563677685546;BP;1;-145.08260949989443
16;4.636459062318223e-15;BP;1;-145.02280191335032
32;4.636459062318223e-15;BP;1;-145.02280191335032
