D;Delta;env;chi;eng
2;0.17026754757616805;BP;1;-166.0927524150389
4;0.0873754857176679;BP;1;-164.44521433565245
8;0.029226194616328815;BP;1;-163.30215545886318
16;0.0038918276612492767;BP;1;-163.0161242721349
32;0.00020688842764444483;BP;1;-163.00660979962328
