D;Delta;env;chi;eng
2;0.1676684516723113;BP;1;-149.41598370140804
4;0.06994910694883975;BP;1;-146.84272543534445
32;4.261334212244192e-15;BP;1;-145.25618948669924
8;0.009391581513585944;BP;1;-145.31563413411817
16;4.261334212244192e-15;BP;1;-145.25618948669924
