D;Delta;env;chi;eng
4;8.377885770700388e-16;BP;1;-115.58269825465348
16;8.377885770700388e-16;BP;1;-115.58269825465348
8;8.377885770700388e-16;BP;1;-115.58269825465348
32;8.377885770700388e-16;BP;1;-115.58269825465348
2;0.10254775723682617;BP;1;-119.27121032430337
