D;Delta;env;chi;eng
2;0.13480218463545207;BP;1;-98.96681015936208
4;8.009534330152128e-16;BP;1;-94.18923311200649
8;8.009534330152128e-16;BP;1;-94.18923311200649
16;8.009534330152128e-16;BP;1;-94.18923311200649
32;8.009534330152128e-16;BP;1;-94.18923311200649
