D;Delta;env;chi;eng
2;0.13956242595926316;BP;1;-138.5634664769437
4;0.038445072353350804;BP;1;-135.25372781642878
8;1.7384800250479456e-15;BP;1;-134.34908680458327
16;1.7384800250479456e-15;BP;1;-134.34908680458327
32;1.7384800250479456e-15;BP;1;-134.34908680458327
