D;Delta;env;chi;eng
2;3.2405735333011933e-16;BP;1;-105.23583238803792
4;3.2405735333011933e-16;BP;1;-105.23583238803792
8;3.2405735333011933e-16;BP;1;-105.23583238803792
16;3.2405735333011933e-16;BP;1;-105.23583238803792
32;3.2405735333011933e-16;BP;1;-105.23583238803792
