D;Delta;env;chi;eng
32;0.05744059139487506;BP;1;-184.70490224753928
