D;Delta;env;chi;eng
4;0.13048387571600245;BP;1;-187.6521262200085
8;0.08000762165482433;BP;1;-187.3369628704154
16;0.051604567600581686;BP;1;-187.13160126055234
32;0.02913584901942078;BP;1;-186.9854067178074
