D;Delta;env;chi;eng
32;0.02012712316040092;BP;1;-184.64387364469638
