D;Delta;env;chi;eng
4;0.15546412932326747;BP;1;-236.91580541236002
8;0.099754638552724;BP;1;-236.04343629080094
16;0.060412597596734764;BP;1;-235.42405384994396
32;0.030683448144673536;BP;1;-235.058516462547
