D;Delta;env;chi;eng
2;0.09798306920910513;BP;1;-141.01493060923656
4;0.03777533348984306;BP;1;-140.14691118470986
8;0.006729031642518504;BP;1;-139.87273340753777
16;0.00034446874753332074;BP;1;-139.85320305591497
32;7.49073516313688e-15;BP;1;-139.8531295418973
