D;Delta;env;chi;eng
32;0.0536395452384977;BP;1;-167.1496907746496
