D;Delta;env;chi;eng
32;0.06321019444325575;BP;1;-177.10396694249965
