D;Delta;env;chi;eng
4;0.8168149307094378;BP;1;-177.95789695994966
8;0.5456489324826109;BP;1;-176.1915232039344
16;0.3857931697396406;BP;1;-174.8169538641541
