D;Delta;env;chi;eng
32;0.003956176258714891;BP;1;-170.80315351278577
