D;Delta;env;chi;eng
4;0.08831356296163474;BP;1;-186.47493707704845
8;0.05190834412808543;BP;1;-186.31347358196888
16;0.0325086186945587;BP;1;-186.21977040893492
