D;Delta;env;chi;eng
2;0.16331139881956208;BP;1;-165.7196570529181
4;0.07945039902010616;BP;1;-164.3093294043135
8;0.026381341422165163;BP;1;-163.4112022348961
16;0.003412519983058347;BP;1;-163.17569050734645
32;0.00016563738915101916;BP;1;-163.168199596236
