D;Delta;env;chi;eng
32;0.03129711103147839;BP;1;-168.92777478763065
