D;Delta;env;chi;eng
2;0.14070717943656952;BP;1;-151.39717046509378
4;0.06280504872589664;BP;1;-150.11385720850922
8;0.017331850160966365;BP;1;-149.55155358493334
16;0.0021334369981251926;BP;1;-149.4597592917897
32;9.035771477370412e-05;BP;1;-149.4573193506773
