D;Delta;env;chi;eng
32;0.07365146463914903;BP;1;-185.8287666850462
