D;Delta;env;chi;eng
2;0.14987759720094132;BP;1;-134.08268641703236
4;0.0406200685983498;BP;1;-130.19406963185236
8;1.713639754116806e-15;BP;1;-129.31319286987522
16;1.713639754116806e-15;BP;1;-129.31319286987522
32;1.713639754116806e-15;BP;1;-129.31319286987522
