D;Delta;env;chi;eng
32;2.908234917347004e-16;BP;1;-84.89190158551268
