D;Delta;env;chi;eng
4;0.08006654122924392;BP;1;-158.7591917703663
2;0.16826694695015815;BP;1;-160.53201221160816
8;0.019855776047024667;BP;1;-157.40436152578192
16;0.00130475614552252;BP;1;-157.22255055460633
32;8.904654816802179e-15;BP;1;-157.22093425686833
