D;Delta;env;chi;eng
4;8.888673801094038e-16;BP;1;-115.21507937604166
2;0.09736054816016174;BP;1;-119.06825225931563
8;8.888673801094038e-16;BP;1;-115.21507937604166
32;8.888673801094038e-16;BP;1;-115.21507937604166
16;8.888673801094038e-16;BP;1;-115.21507937604166
