D;Delta;env;chi;eng
2;0.47498182733068045;BP;1;-228.9187502823116
4;0.2583597155613354;BP;1;-226.00424737339355
8;0.1571391033045793;BP;1;-224.18843317157163
16;0.09444758619663036;BP;1;-223.13321638050945
32;0.04989718765914202;BP;1;-222.55685775422563
