D;Delta;env;chi;eng
2;0.23232316898250455;BP;1;-169.35610619113078
4;0.12122062628212663;BP;1;-167.2109547247383
8;0.05207200153590831;BP;1;-165.7871795324746
16;0.012481660520683804;BP;1;-165.16446662200698
32;0.0014864711411464978;BP;1;-165.09526264897244
