D;Delta;env;chi;eng
4;0.03741446324014332;BP;1;-133.81495802682446
2;0.13456951463354022;BP;1;-136.5676266501588
8;1.5853873159624143e-15;BP;1;-133.03801582792684
32;1.5853873159624143e-15;BP;1;-133.03801582792684
16;1.5853873159624143e-15;BP;1;-133.03801582792684
