D;Delta;env;chi;eng
4;0.0853489010049132;BP;1;-234.69366785253467
8;0.048199855916773844;BP;1;-234.3318872059513
16;0.024206128362141595;BP;1;-234.11449159808402
