D;Delta;env;chi;eng
2;0.15064876888317857;BP;1;-138.47097403579653
4;0.040316091671552874;BP;1;-134.1106215239322
8;1.6984199883907495e-15;BP;1;-133.1455922455357
32;1.6984199883907495e-15;BP;1;-133.1455922455357
16;1.6984199883907495e-15;BP;1;-133.1455922455357
