D;Delta;env;chi;eng
32;0.12830563303824327;BP;1;-174.8789994987197
