D;Delta;env;chi;eng
32;0.05116928858323903;BP;1;-188.25880997799862
