D;Delta;env;chi;eng
32;0.035699931102964565;BP;1;-167.09326643511204
