D;Delta;env;chi;eng
4;0.09461351978138717;BP;1;-229.2771637627544
8;0.04728585016645951;BP;1;-228.53761166862074
16;0.016868739758010665;BP;1;-228.12024769143176
