D;Delta;env;chi;eng
2;0.19493691291348192;BP;1;-163.17370704650216
4;0.09946108610822511;BP;1;-161.03676539416543
8;0.0344878193375166;BP;1;-159.7236575193361
16;0.005269178293652446;BP;1;-159.3609514857175
32;0.00030741292307820574;BP;1;-159.34562111994518
