D;Delta;env;chi;eng
2;0.1980284695961259;BP;1;-166.34475067341552
4;0.09333510968321657;BP;1;-163.54887437165272
8;0.037896538441442494;BP;1;-162.6684605193001
16;0.008068724493914275;BP;1;-162.31269261940142
32;0.0008594995133464483;BP;1;-162.2847439215974
