D;Delta;env;chi;eng
32;4.977083798837123e-15;BP;1;-143.3033838744731
