D;Delta;env;chi;eng
32;3.120496755871844e-16;BP;1;-85.27474896159647
