D;Delta;env;chi;eng
2;0.5294012965979614;BP;1;-187.65517479273703
8;0.12819369478596962;BP;1;-168.98720040747295
4;0.27424883699323327;BP;1;-176.17516517402544
16;0.04415696081131344;BP;1;-165.85522666439863
32;0.008865655998694412;BP;1;-165.0988318931071
