D;Delta;env;chi;eng
2;0.521781257153982;BP;1;-178.98443196591495
4;0.2646028449402643;BP;1;-177.18633601153147
8;0.15180287045426444;BP;1;-176.19272752570214
16;0.09067366958632178;BP;1;-175.49630467898422
32;0.04908061404324568;BP;1;-175.09077955835497
