D;Delta;env;chi;eng
32;0.06545758179256278;BP;1;-176.4532846487669
