D;Delta;env;chi;eng
32;9.033705129417004e-15;BP;1;-152.3691568848453
