D;Delta;env;chi;eng
32;0.03580062354895777;BP;1;-185.73859017175258
