D;Delta;env;chi;eng
8;0.019221107304038344;BP;1;-200.27908064483705
2;0.17038025289060327;BP;1;-204.9638798812312
4;0.08047959272317656;BP;1;-202.00542141576523
16;0.0012709573939229729;BP;1;-200.06737462143445
32;9.364973461333527e-15;BP;1;-200.06542079227694
