D;Delta;env;chi;eng
2;0.24956671462444022;BP;1;-220.66770034740424
4;0.13008928307266107;BP;1;-216.81485037621462
8;0.05724107605174751;BP;1;-214.624644952034
16;0.01294608562503774;BP;1;-213.6353720039343
32;0.0014913031335369266;BP;1;-213.54521546088597
