D;Delta;env;chi;eng
32;3.686574632652437e-15;BP;1;-143.7787599879951
