D;Delta;env;chi;eng
32;0.040619162288165686;BP;1;-177.6448752652397
