D;Delta;env;chi;eng
4;9.830462624312211e-16;BP;1;-113.14431710385517
2;0.11188508277258613;BP;1;-118.51158444885407
8;9.830462624312211e-16;BP;1;-113.14431710385517
16;9.830462624312211e-16;BP;1;-113.14431710385517
32;9.830462624312211e-16;BP;1;-113.14431710385517
