D;Delta;env;chi;eng
2;0.18300517835497407;BP;1;-200.02625860368283
4;0.07130811112177643;BP;1;-197.14949661229915
8;0.01746271485877516;BP;1;-195.89109715952245
16;0.001033233149096457;BP;1;-195.70841278111376
32;8.016167521983763e-15;BP;1;-195.70715245057104
