D;Delta;env;chi;eng
32;0.08677682548619549;BP;1;-163.21300516046094
