D;Delta;env;chi;eng
32;0.05887533564656844;BP;1;-186.25117286115676
