D;Delta;env;chi;eng
32;1.825232175980462e-15;BP;1;-129.05176318246183
