D;Delta;env;chi;eng
2;0.15508837120890567;BP;1;-160.244957805081
4;0.07443284572901333;BP;1;-158.60994535917007
8;0.01802582004218506;BP;1;-157.41109754114768
16;0.0012440071783121618;BP;1;-157.25615248663289
32;8.938358903645216e-15;BP;1;-157.2546769368376
