D;Delta;env;chi;eng
2;0.16280656957464537;BP;1;-149.12971646473724
4;0.07071459436503301;BP;1;-146.7596245506478
8;0.009318708360693614;BP;1;-145.2213699670752
16;4.088877023063422e-15;BP;1;-145.16316452271482
32;4.088877023063422e-15;BP;1;-145.16316452271482
