D;Delta;env;chi;eng
2;0.2357901116934245;BP;1;-168.17243202232967
8;0.047875653208448554;BP;1;-164.7370522461992
4;0.11354077654214298;BP;1;-166.016517541248
16;0.011009630998809916;BP;1;-164.22671338386203
32;0.0012303481051524673;BP;1;-164.17736193169446
