D;Delta;env;chi;eng
32;0.00942310734618507;BP;1;-177.84703841033726
