D;Delta;env;chi;eng
2;0.17944901576488656;BP;1;-168.03844200084941
4;0.08761157789898037;BP;1;-166.78923363525809
8;0.03571616544591114;BP;1;-166.00800282345546
16;0.007105042668251782;BP;1;-165.7022646172889
32;0.0006747105088598222;BP;1;-165.68102483365027
