D;Delta;env;chi;eng
2;0.1589176465934247;BP;1;-161.6996646776741
4;0.07795464194218255;BP;1;-160.4229860776254
8;0.02575805333915715;BP;1;-159.56747480133996
16;0.003221177418884007;BP;1;-159.3613626214611
32;0.0001567935461322911;BP;1;-159.35569275413994
