D;Delta;env;chi;eng
4;0.0428785323920004;BP;1;-169.97412506142194
2;0.15126917969105566;BP;1;-175.24961165709527
8;1.8745189119932635e-15;BP;1;-168.65816746752608
32;1.8745189119932635e-15;BP;1;-168.65816746752608
16;1.8745189119932635e-15;BP;1;-168.65816746752608
