D;Delta;env;chi;eng
2;0.17627357259432347;BP;1;-218.1842258694859
8;0.03486969715565007;BP;1;-215.08878060823864
4;0.08887972008240605;BP;1;-216.21625717825063
16;0.006306961749488875;BP;1;-214.6806766366399
32;0.0005597892303887311;BP;1;-214.6565791203275
