D;Delta;env;chi;eng
32;0.034032623986089215;BP;1;-170.44200437886985
