D;Delta;env;chi;eng
2;0.17963395644736674;BP;1;-156.37113449718368
4;0.08986551256621556;BP;1;-154.16497222925162
8;0.02320850373999107;BP;1;-152.59676582586667
16;0.00187907668625125;BP;1;-152.37201901672296
32;9.033705129417004e-15;BP;1;-152.3691568848453
