D;Delta;env;chi;eng
2;0.20018709250983213;BP;1;-161.5556504532625
4;0.10044231064885664;BP;1;-158.96611684728995
8;0.026777590189886676;BP;1;-156.85911448622406
16;0.0021086737803160784;BP;1;-156.53797129589375
32;7.555243291658526e-15;BP;1;-156.5337293861257
