D;Delta;env;chi;eng
32;0.04467630657210089;BP;1;-189.0120139573847
