D;Delta;env;chi;eng
2;0.13787369762337515;BP;1;-109.33575008902032
4;0.02693765599607216;BP;1;-107.01796110655688
16;2.742276706305022e-15;BP;1;-106.72733823735922
8;2.742276706305022e-15;BP;1;-106.72733823735922
32;2.742276706305022e-15;BP;1;-106.72733823735922
