D;Delta;env;chi;eng
32;0.012624383090284281;BP;1;-182.5249545410334
