D;Delta;env;chi;eng
32;0.0004164881447615642;BP;1;-159.06903599659924
