D;Delta;env;chi;eng
2;0.23632412533611907;BP;1;-229.90747661370494
4;0.1105030556944925;BP;1;-227.91197488955837
8;0.05962016216116229;BP;1;-227.13635226855715
16;0.025706994722204404;BP;1;-226.69904858936638
32;0.007447230733735382;BP;1;-226.55999308687674
