D;Delta;env;chi;eng
4;0.07545028406321214;BP;1;-149.3910160858382
2;0.18340041157993414;BP;1;-152.65785175117932
8;0.010637184382839183;BP;1;-147.52524826536475
16;4.7032684588137834e-15;BP;1;-147.4393051055701
32;4.7032684588137834e-15;BP;1;-147.4393051055701
