D;Delta;env;chi;eng
32;0.007969324164001434;BP;1;-175.98651667415237
