D;Delta;env;chi;eng
2;0.13702594256393108;BP;1;-175.74335251749454
4;0.03871303718969578;BP;1;-171.99079603613697
8;1.6708468870978242e-15;BP;1;-170.9089549519916
16;1.6708468870978242e-15;BP;1;-170.9089549519916
32;1.6708468870978242e-15;BP;1;-170.9089549519916
