D;Delta;env;chi;eng
32;0.011286021463066537;BP;1;-184.53990729494288
