D;Delta;env;chi;eng
32;0.0372088805210691;BP;1;-190.52028511339046
