D;Delta;env;chi;eng
2;0.17319249560562835;BP;1;-170.1112213573655
4;0.08614354397303117;BP;1;-168.93652897509097
8;0.03494142103481443;BP;1;-168.1513171373497
16;0.00676918536027922;BP;1;-167.84396913914821
32;0.0006358603552100326;BP;1;-167.8226865453712
