D;Delta;env;chi;eng
32;3.1451082012337095e-16;BP;1;-83.55613508128441
