D;Delta;env;chi;eng
2;0.16345838038780924;BP;1;-213.2144021529755
4;0.0787304769374698;BP;1;-211.74905210452567
8;0.027734530982256454;BP;1;-210.8432895359988
16;0.004977095907456711;BP;1;-210.58732128655507
32;0.0004140850127120855;BP;1;-210.57322327468464
