D;Delta;env;chi;eng
32;0.06850968355376102;BP;1;-186.3275175177295
