D;Delta;env;chi;eng
32;0.1131776791756079;BP;1;-181.90760347789666
