D;Delta;env;chi;eng
2;2.9914532841170547e-16;BP;1;-105.24115274085037
8;2.9914532841170547e-16;BP;1;-105.24115274085037
4;2.9914532841170547e-16;BP;1;-105.24115274085037
16;2.9914532841170547e-16;BP;1;-105.24115274085037
32;2.9914532841170547e-16;BP;1;-105.24115274085037
