D;Delta;env;chi;eng
32;4.08741626560106e-15;BP;1;-145.37242720906113
