D;Delta;env;chi;eng
32;0.03700427387933198;BP;1;-190.42747049094515
