D;Delta;env;chi;eng
32;0.038660764651150835;BP;1;-190.01489609437803
