D;Delta;env;chi;eng
4;0.42394475247994023;BP;1;-167.10977434767224
8;0.21506191660072788;BP;1;-165.6080304088377
16;0.11822284222552562;BP;1;-164.86143837836846
