D;Delta;env;chi;eng
2;0.14857535417530332;BP;1;-137.4010717139467
4;0.04217619526932601;BP;1;-133.2669589854678
8;1.5616388444743907e-15;BP;1;-132.17825954005227
16;1.5616388444743907e-15;BP;1;-132.17825954005227
32;1.5616388444743907e-15;BP;1;-132.17825954005227
