D;Delta;env;chi;eng
2;0.14536842694125685;BP;1;-111.70447775649998
4;0.029552109607213314;BP;1;-109.06553471188069
8;2.2032531710596093e-15;BP;1;-108.70135061650925
16;2.2032531710596093e-15;BP;1;-108.70135061650925
32;2.2032531710596093e-15;BP;1;-108.70135061650925
