D;Delta;env;chi;eng
4;0.36496603755603;BP;1;-170.15864770246694
2;0.6425149478379139;BP;1;-173.839443863444
8;0.21452446652436274;BP;1;-167.2472322027873
16;0.12369061927534583;BP;1;-165.4785078583727
32;0.06263453694741945;BP;1;-164.5086116465448
64;0.026943174213902788;BP;1;-164.10743254540472
