D;Delta;env;chi;eng
32;0.053791793473605465;BP;1;-183.1339368027036
