D;Delta;env;chi;eng
32;8.913638985772267e-16;BP;1;-111.85785477295953
