D;Delta;env;chi;eng
32;0.00022022794951966266;BP;1;-158.60287427391447
