D;Delta;env;chi;eng
4;0.10844116313920402;BP;1;-179.63518949706378
8;0.058000040167995766;BP;1;-179.15868941275494
16;0.0258438328323321;BP;1;-178.84501247116881
