D;Delta;env;chi;eng
32;0.027055541353379075;BP;1;-188.22853729608187
