D;Delta;env;chi;eng
2;0.18838570206501443;BP;1;-168.61975670522128
4;0.09044109760578609;BP;1;-166.10590705781075
8;0.03704287753355477;BP;1;-165.26148227962491
16;0.007736104279158546;BP;1;-164.9051553391492
32;0.0008134495473384475;BP;1;-164.8762980512539
