D;Delta;env;chi;eng
32;0.04187586389144221;BP;1;-189.40097529378417
