D;Delta;env;chi;eng
4;0.03949386323256942;BP;1;-134.7592978081848
2;0.1477069506424289;BP;1;-138.81758736492182
16;1.6283043388809034e-15;BP;1;-133.8400826410688
8;1.6283043388809034e-15;BP;1;-133.8400826410688
32;1.6283043388809034e-15;BP;1;-133.8400826410688
