D;Delta;env;chi;eng
2;0.16840775095672023;BP;1;-152.2524764374533
4;0.06996638557554466;BP;1;-149.05442322774937
8;0.00962076094658524;BP;1;-147.39814667281567
16;5.047966443573978e-15;BP;1;-147.328434705347
32;5.047966443573978e-15;BP;1;-147.328434705347
