D;Delta;env;chi;eng
32;0.07910392446058777;BP;1;-179.5687460248467
