D;Delta;env;chi;eng
4;0.25442102985400916;BP;1;-221.43556925770906
8;0.12874941823119326;BP;1;-220.4037833431688
16;0.0736989203422102;BP;1;-220.0388189608008
