D;Delta;env;chi;eng
2;3.1562967975261324e-16;BP;1;-80.86742895786787
4;3.1562967975261324e-16;BP;1;-80.86742895786787
8;3.1562967975261324e-16;BP;1;-80.86742895786787
16;3.1562967975261324e-16;BP;1;-80.86742895786787
32;3.1562967975261324e-16;BP;1;-80.86742895786787
