D;Delta;env;chi;eng
32;0.09922543641922414;BP;1;-164.91209573754844
