D;Delta;env;chi;eng
32;0.0009480845775207973;BP;1;-164.4932583873884
