D;Delta;env;chi;eng
2;0.45841516706486996;BP;1;-189.49760932984123
4;0.22158640381289407;BP;1;-181.40342575205705
8;0.09760129537495688;BP;1;-176.2353859326175
16;0.030501206359537493;BP;1;-174.15469272984924
32;0.005309602616077459;BP;1;-173.74581904587802
