D;Delta;env;chi;eng
2;0.17487427290305363;BP;1;-152.79643865025292
4;0.07576711977033129;BP;1;-149.79444852445775
8;0.010185591510400627;BP;1;-147.83592645835884
16;4.8396134476038854e-15;BP;1;-147.75685090834264
32;4.8396134476038854e-15;BP;1;-147.75685090834264
