D;Delta;env;chi;eng
32;0.04301663115003887;BP;1;-190.90735623608336
