D;Delta;env;chi;eng
32;7.638353641473194e-15;BP;1;-134.10526445551744
