D;Delta;env;chi;eng
32;0.012988607207020131;BP;1;-184.36248015555083
