D;Delta;env;chi;eng
4;0.07521710391410127;BP;1;-183.03045390064733
8;0.04217652428352864;BP;1;-182.85186360661243
16;0.02211760311617648;BP;1;-182.7340184962209
