D;Delta;env;chi;eng
32;0.0703298116691456;BP;1;-163.20093108834186
