D;Delta;env;chi;eng
4;0.2983079083698558;BP;1;-186.46417553385322
8;0.1690188982890016;BP;1;-185.95183270353613
16;0.11244699308058281;BP;1;-185.64779203189852
