D;Delta;env;chi;eng
4;0.12004367294056001;BP;1;-183.80773275238118
8;0.0763347130660689;BP;1;-183.41565270803747
16;0.04746086189293145;BP;1;-183.16855681744042
