D;Delta;env;chi;eng
8;0.007624683670542593;BP;1;-144.06778557626126
4;0.06033662669882425;BP;1;-145.22052290650555
2;0.1433978771990306;BP;1;-147.02737126670638
16;4.590979998247611e-15;BP;1;-144.02989953421402
32;4.590979998247611e-15;BP;1;-144.02989953421402
