D;Delta;env;chi;eng
32;0.06637610097173183;BP;1;-181.9724978615018
