D;Delta;env;chi;eng
2;0.16712620281794743;BP;1;-149.2025001552215
4;0.06757915543833111;BP;1;-146.89010768404603
32;3.939482389926063e-15;BP;1;-145.43281592375732
8;0.008989745477603098;BP;1;-145.4877592653002
16;3.939482389926063e-15;BP;1;-145.43281592375732
