D;Delta;env;chi;eng
32;0.07576134325689339;BP;1;-186.53861456758813
