D;Delta;env;chi;eng
2;0.17422967483863938;BP;1;-164.78191871127777
4;0.0815962538456708;BP;1;-162.58051763689429
8;0.027780826260887785;BP;1;-161.63675994547302
16;0.003883554068909283;BP;1;-161.36911301807908
32;0.00020984698071294865;BP;1;-161.3591334510317
