D;Delta;env;chi;eng
4;0.08463828843793178;BP;1;-184.0510555829702
8;0.04672921999748494;BP;1;-183.8552496700119
16;0.026146646278272734;BP;1;-183.740398163962
