D;Delta;env;chi;eng
32;0.01341203600466456;BP;1;-183.78940395067067
