D;Delta;env;chi;eng
32;0.1703130832914175;BP;1;-178.9955782342755
