D;Delta;env;chi;eng
2;0.09543738184202605;BP;1;-144.17848888257916
4;1.0252767836282708e-15;BP;1;-139.7599185395974
8;1.0252767836282708e-15;BP;1;-139.7599185395974
16;1.0252767836282708e-15;BP;1;-139.7599185395974
32;1.0252767836282708e-15;BP;1;-139.7599185395974
