D;Delta;env;chi;eng
32;0.05480223036353678;BP;1;-180.30631292771028
