D;Delta;env;chi;eng
32;0.0013207099062353578;BP;1;-167.1462448010571
