D;Delta;env;chi;eng
32;0.05896225609102225;BP;1;-171.56974496177423
