D;Delta;env;chi;eng
4;0.08611111171139384;BP;1;-165.43815530927688
2;0.17468383665089196;BP;1;-166.84999812174848
8;0.03420792221537229;BP;1;-164.6658031502109
16;0.006345336814095543;BP;1;-164.37596685674274
32;0.0005768632354983611;BP;1;-164.35910646477654
