D;Delta;env;chi;eng
32;0.018853836784612617;BP;1;-185.13361615283358
