D;Delta;env;chi;eng
32;0.03379567057986123;BP;1;-186.66905305759084
