D;Delta;env;chi;eng
2;2.7999542103367876e-16;BP;1;-82.16480098112471
4;2.7999542103367876e-16;BP;1;-82.16480098112471
8;2.7999542103367876e-16;BP;1;-82.16480098112471
16;2.7999542103367876e-16;BP;1;-82.16480098112471
32;2.7999542103367876e-16;BP;1;-82.16480098112471
