D;Delta;env;chi;eng
4;0.33196033981745615;BP;1;-171.63789841878514
8;0.15166941911094634;BP;1;-170.77553838235258
16;0.07706916380017106;BP;1;-170.444685912863
