D;Delta;env;chi;eng
4;0.49036393764542924;BP;1;-165.92666032643342
8;0.24058696862030077;BP;1;-164.3465565584384
16;0.12580018490676814;BP;1;-163.5722305645909
