D;Delta;env;chi;eng
32;0.02550534512133123;BP;1;-180.07000315354065
