D;Delta;env;chi;eng
2;0.15612573589805656;BP;1;-146.9075522317259
4;0.06883658190861254;BP;1;-144.6186314424412
8;0.008963681097828448;BP;1;-143.13705847428747
16;4.798119852993555e-15;BP;1;-143.0852734202211
32;4.798119852993555e-15;BP;1;-143.0852734202211
