D;Delta;env;chi;eng
2;0.18086489225621122;BP;1;-172.07711395692843
4;0.09126014335586786;BP;1;-170.61485264894668
8;0.04079154351948788;BP;1;-169.89865809233774
16;0.00982576372813046;BP;1;-169.55381203229354
32;0.0012413345362898237;BP;1;-169.51880340389184
