D;Delta;env;chi;eng
2;0.11194573478533426;BP;1;-150.02554119291608
4;9.515463997742009e-16;BP;1;-143.72336977935575
8;9.515463997742009e-16;BP;1;-143.72336977935575
16;9.515463997742009e-16;BP;1;-143.72336977935575
32;9.515463997742009e-16;BP;1;-143.72336977935575
