D;Delta;env;chi;eng
32;0.02535324676416333;BP;1;-188.9719492291722
