D;Delta;env;chi;eng
2;0.20125985781912148;BP;1;-217.63271955460326
4;0.09359785641930728;BP;1;-213.77180590189542
8;0.03809398140807074;BP;1;-212.56739886039406
16;0.008043233527592859;BP;1;-212.09122121820326
32;0.0008492768996680728;BP;1;-212.05223551714667
