D;Delta;env;chi;eng
32;0.09639687194968977;BP;1;-183.4599710120193
