D;Delta;env;chi;eng
32;1.6519318422071313e-15;BP;1;-130.92100077288168
