D;Delta;env;chi;eng
32;0.005924028744823134;BP;1;-173.898871165294
