D;Delta;env;chi;eng
2;0.206392231327478;BP;1;-174.42688445426475
4;0.10444634973307612;BP;1;-172.70155022004568
8;0.05116658712445507;BP;1;-171.95873692805952
16;0.015657357052603543;BP;1;-171.52778171756563
32;0.00272521581761943;BP;1;-171.45810209551055
