D;Delta;env;chi;eng
2;0.24180744046761657;BP;1;-178.75287543371394
4;0.10985292108351874;BP;1;-177.0926080517166
8;0.05901129715393251;BP;1;-176.52567245820194
16;0.025360981174174037;BP;1;-176.18207278885
32;0.007399319798278762;BP;1;-176.0732121357881
64;0.001439307560551328;BP;1;-176.05847347954682
