D;Delta;env;chi;eng
2;0.17420670469042757;BP;1;-166.45690815980367
4;0.08743486076709753;BP;1;-165.09093819573434
8;0.034377754086337295;BP;1;-164.32061725573732
16;0.006358807529734672;BP;1;-164.02335627364886
32;0.0005669506719519382;BP;1;-164.0060147610413
