D;Delta;env;chi;eng
32;0.04616720990068867;BP;1;-177.11991486988163
