D;Delta;env;chi;eng
32;0.005422973885917927;BP;1;-174.49976765654773
