D;Delta;env;chi;eng
32;0.0644558723551412;BP;1;-184.43541413664047
