D;Delta;env;chi;eng
2;0.10291308360599982;BP;1;-148.7863371957999
4;0.042825148253343145;BP;1;-148.03667499304038
8;0.01048807200808005;BP;1;-147.78224512527754
16;0.0010726672342338808;BP;1;-147.74680707721805
32;3.5233637945695964e-05;BP;1;-147.74616161380337
