D;Delta;env;chi;eng
32;2.699445615420139e-16;BP;1;-84.58387588284474
