D;Delta;env;chi;eng
2;0.09911555034813686;BP;1;-150.44892285556338
4;9.334682462214114e-16;BP;1;-145.808340892632
8;9.334682462214114e-16;BP;1;-145.808340892632
16;9.334682462214114e-16;BP;1;-145.808340892632
32;9.334682462214114e-16;BP;1;-145.808340892632
