D;Delta;env;chi;eng
32;0.030497018043112976;BP;1;-186.12560248698225
