D;Delta;env;chi;eng
2;0.12280444672247881;BP;1;-166.47385915180902
4;0.042746097731109156;BP;1;-164.33152729250446
8;0.004061062712613702;BP;1;-163.62390945423897
16;6.807956799892678e-15;BP;1;-163.61232889008966
32;6.807956799892678e-15;BP;1;-163.61232889008966
