D;Delta;env;chi;eng
32;0.049322765544687244;BP;1;-174.36590815169123
