D;Delta;env;chi;eng
32;0.010757597695220604;BP;1;-174.51429961781577
