D;Delta;env;chi;eng
32;0.0008203392398201;BP;1;-169.2845918786319
