D;Delta;env;chi;eng
2;0.16149083715488774;BP;1;-149.2810811396352
4;0.0673451017314482;BP;1;-146.99395096828408
8;0.00891148074526689;BP;1;-145.56041497793476
16;4.195290374983498e-15;BP;1;-145.50698362777067
32;4.195290374983498e-15;BP;1;-145.50698362777067
