D;Delta;env;chi;eng
32;0.026212401751783534;BP;1;-182.64708481302893
