D;Delta;env;chi;eng
32;0.11958755454240666;BP;1;-181.05977823641967
