D;Delta;env;chi;eng
2;0.5272953047405874;BP;1;-222.51907561219778
4;0.3170070001279055;BP;1;-216.12468158726577
8;0.19619272535714824;BP;1;-212.26577832282425
16;0.10962561910235671;BP;1;-209.92219488146628
32;0.050621302784884595;BP;1;-208.6603132282149
