D;Delta;env;chi;eng
32;0.05259310098983334;BP;1;-187.3359511356757
