D;Delta;env;chi;eng
16;7.948779802367131e-16;BP;1;-113.10691014976634
4;7.948779802367131e-16;BP;1;-113.10691014976634
2;0.10930966598860435;BP;1;-117.70397257539064
32;7.948779802367131e-16;BP;1;-113.10691014976634
8;7.948779802367131e-16;BP;1;-113.10691014976634
