D;Delta;env;chi;eng
2;0.15349092382853893;BP;1;-164.86154694019044
4;0.07789214538901611;BP;1;-163.4541103722694
8;0.02555647398004847;BP;1;-162.56319814274298
16;0.0029889531181061762;BP;1;-162.3351196463795
32;0.00014204464703157288;BP;1;-162.32928881604124
