D;Delta;env;chi;eng
2;0.16562032831534146;BP;1;-169.6778782262628
4;0.08010660963830638;BP;1;-168.5519059340359
8;0.03143859649937829;BP;1;-167.87945689466906
16;0.005999316622991014;BP;1;-167.62690564256332
32;0.0005425980198315345;BP;1;-167.60984770061688
