D;Delta;env;chi;eng
32;0.23378400971588204;BP;1;-174.69860503169184
