D;Delta;env;chi;eng
2;0.21097923598184765;BP;1;-164.93788688047493
8;0.03654554633161836;BP;1;-161.34083760103474
4;0.10238554920927354;BP;1;-162.75342169138466
16;0.005403869722372803;BP;1;-160.91760212952798
32;0.00030048470902860835;BP;1;-160.89965914125855
