D;Delta;env;chi;eng
4;0.12742070741009648;BP;1;-157.4742575639366
8;0.024401195643299;BP;1;-152.2280587668538
2;0.34069311113614814;BP;1;-169.7542944224322
16;5.72933279212169e-15;BP;1;-151.77018515122984
32;5.72933279212169e-15;BP;1;-151.77018515122984
