D;Delta;env;chi;eng
2;0.16321030268572984;BP;1;-194.33843714888314
4;0.0705717283462443;BP;1;-190.53300791353564
8;0.009129802475546902;BP;1;-188.41675795205535
16;4.7846929705081356e-15;BP;1;-188.34167294317982
32;4.7846929705081356e-15;BP;1;-188.34167294317982
