D;Delta;env;chi;eng
2;0.6167024191185382;BP;1;-174.83721213260387
4;0.3357658693682111;BP;1;-172.02981328554557
8;0.19339421415275954;BP;1;-169.87772305436295
16;0.11245598349663523;BP;1;-168.5558240382977
32;0.057510562056561035;BP;1;-167.8202176489706
64;0.02521202655517074;BP;1;-167.50964391664925
