D;Delta;env;chi;eng
2;0.17850902897961463;BP;1;-220.6752031961625
4;0.08667240278643941;BP;1;-218.48451998238409
8;0.03472494551352351;BP;1;-217.37929771910703
16;0.006704869883093563;BP;1;-216.97030201244777
32;0.0006329880845275465;BP;1;-216.94348472893137
