D;Delta;env;chi;eng
32;0.010409685499709947;BP;1;-179.2632006597742
