D;Delta;env;chi;eng
2;0.1443288451020993;BP;1;-174.7841661157194
4;0.03997685989172934;BP;1;-170.05703930310673
16;2.1473445562877175e-15;BP;1;-168.91109456863228
8;2.1473445562877175e-15;BP;1;-168.91109456863228
32;2.1473445562877175e-15;BP;1;-168.91109456863228
