D;Delta;env;chi;eng
4;0.09707944573037261;BP;1;-179.39649497492533
8;0.05059345984211188;BP;1;-178.9085324514478
16;0.020167014839582977;BP;1;-178.5999140737247
