D;Delta;env;chi;eng
32;0.06205128719466254;BP;1;-170.14143960574597
