D;Delta;env;chi;eng
32;0.010025247631996215;BP;1;-183.0212657004819
