D;Delta;env;chi;eng
2;2.814439724635855e-16;BP;1;-84.91089698915552
4;2.814439724635855e-16;BP;1;-84.91089698915552
8;2.814439724635855e-16;BP;1;-84.91089698915552
16;2.814439724635855e-16;BP;1;-84.91089698915552
32;2.814439724635855e-16;BP;1;-84.91089698915552
