D;Delta;env;chi;eng
32;8.900679866685547e-16;BP;1;-115.12634233655243
