D;Delta;env;chi;eng
4;0.14094484154971673;BP;1;-232.3765246763502
8;0.09079983267934304;BP;1;-231.66687179047963
16;0.056438031878219025;BP;1;-231.19688662858832
