D;Delta;env;chi;eng
2;2.677684836469224e-16;BP;1;-83.44696356732776
4;2.677684836469224e-16;BP;1;-83.44696356732776
8;2.677684836469224e-16;BP;1;-83.44696356732776
16;2.677684836469224e-16;BP;1;-83.44696356732776
32;2.677684836469224e-16;BP;1;-83.44696356732776
