D;Delta;env;chi;eng
32;0.1567951428579096;BP;1;-181.75237300145295
