D;Delta;env;chi;eng
4;0.3929114290196029;BP;1;-178.38462110591894
8;0.19309505552926018;BP;1;-177.62068719347505
16;0.10536410317291899;BP;1;-177.25291648733915
