D;Delta;env;chi;eng
4;0.31252567755564004;BP;1;-230.89275136935765
8;0.19354222354787962;BP;1;-229.87453577501196
16;0.13277069982262482;BP;1;-229.32558477887312
