D;Delta;env;chi;eng
2;0.2427943289144035;BP;1;-231.84223754043146
4;0.11584998405939098;BP;1;-229.96544235891628
8;0.06572932536303507;BP;1;-229.23956223161986
16;0.03101628357616325;BP;1;-228.7922434517955
32;0.010127026466082125;BP;1;-228.61645086142315
64;0.002319235688926266;BP;1;-228.5874074301693
