D;Delta;env;chi;eng
2;0.1926498322636171;BP;1;-161.65373706058054
4;0.09871802369164176;BP;1;-159.20528800019105
8;0.02574791693455905;BP;1;-157.13782233781012
16;0.0020681940541590654;BP;1;-156.84016679748228
32;9.1654023784628e-15;BP;1;-156.836108225622
