D;Delta;env;chi;eng
32;2.8582068192059636e-16;BP;1;-83.96807982916432
