D;Delta;env;chi;eng
32;0.20067140701714498;BP;1;-173.8608074649966
