D;Delta;env;chi;eng
2;0.1935687128478565;BP;1;-157.87740778274093
4;0.08766043996242043;BP;1;-155.66353317995305
8;0.023731617300875668;BP;1;-154.22365176317766
16;0.001747247052276833;BP;1;-153.982093604039
32;6.315516184457551e-15;BP;1;-153.9795318881981
