D;Delta;env;chi;eng
32;0.07617551757586971;BP;1;-174.84778766700768
