D;Delta;env;chi;eng
4;0.18990877730578784;BP;1;-231.37257008075446
8;0.12600316273468065;BP;1;-230.1717372528224
16;0.07289304662092191;BP;1;-229.03824084442283
