D;Delta;env;chi;eng
32;1.5630700657576176e-15;BP;1;-130.07541034859872
