D;Delta;env;chi;eng
32;0.028825942685312918;BP;1;-180.1072802530186
