D;Delta;env;chi;eng
2;0.21831465116489662;BP;1;-165.96425856382135
4;0.1112965249901865;BP;1;-163.70006097611483
8;0.040152037141491737;BP;1;-162.03288227366406
16;0.006490444799794785;BP;1;-161.52376100504034
32;0.0003937933304070557;BP;1;-161.49739489608606
