D;Delta;env;chi;eng
32;0.06075346181447431;BP;1;-188.60139145194793
