D;Delta;env;chi;eng
32;0.05440418792737469;BP;1;-190.24719972937285
