D;Delta;env;chi;eng
2;0.16095850664079117;BP;1;-135.55702352964562
4;0.04589949407825904;BP;1;-131.17159709182715
8;1.5802299718033475e-15;BP;1;-130.0488434648344
32;1.5802299718033475e-15;BP;1;-130.0488434648344
16;1.5802299718033475e-15;BP;1;-130.0488434648344
