D;Delta;env;chi;eng
32;2.8723927372609267e-16;BP;1;-84.43989184618911
