D;Delta;env;chi;eng
32;0.0657408604977019;BP;1;-183.99410805471632
