D;Delta;env;chi;eng
2;0.0889376650257868;BP;1;-145.28066536773142
4;8.422988950076122e-16;BP;1;-141.4462435621197
8;8.422988950076122e-16;BP;1;-141.4462435621197
16;8.422988950076122e-16;BP;1;-141.4462435621197
32;8.422988950076122e-16;BP;1;-141.4462435621197
