D;Delta;env;chi;eng
32;0.011220353318579561;BP;1;-158.89852266517704
