D;Delta;env;chi;eng
32;0.0005336231662341346;BP;1;-154.67735324216545
