D;Delta;env;chi;eng
2;0.13532114274747972;BP;1;-139.20729725409842
4;0.03703590534717545;BP;1;-135.9154823116118
8;1.6670916943505438e-15;BP;1;-135.09016863782875
32;1.6670916943505438e-15;BP;1;-135.09016863782875
16;1.6670916943505438e-15;BP;1;-135.09016863782875
