D;Delta;env;chi;eng
4;0.07207727899651223;BP;1;-168.2764624452762
8;0.030226249179513248;BP;1;-167.83640365707163
16;0.007047012073484694;BP;1;-167.65108174521595
