D;Delta;env;chi;eng
2;0.1520109617346238;BP;1;-210.44710130941422
4;0.06799060269671359;BP;1;-209.20378120009468
8;0.022498014166189136;BP;1;-208.55076410062395
16;0.0039045025491125708;BP;1;-208.38430411688006
32;0.00028878842948956875;BP;1;-208.37572910712254
