D;Delta;env;chi;eng
4;0.09450517273964669;BP;1;-168.25437389804995
2;0.1932601066066117;BP;1;-169.8499876659645
8;0.04192127576585206;BP;1;-167.5281846964988
16;0.010272045785978658;BP;1;-167.1807663539679
32;0.0013207099062353578;BP;1;-167.1462448010571
