D;Delta;env;chi;eng
4;0.03284327148295623;BP;1;-132.88391523489025
2;0.12490937582237208;BP;1;-135.0311203968272
16;1.955829867404941e-15;BP;1;-132.25483416123777
8;1.955829867404941e-15;BP;1;-132.25483416123777
32;1.955829867404941e-15;BP;1;-132.25483416123777
