D;Delta;env;chi;eng
2;0.17595491204120725;BP;1;-167.27538916276822
4;0.0859503159157105;BP;1;-165.80550848320811
8;0.034387058975066734;BP;1;-165.0356504368191
16;0.006746548216262568;BP;1;-164.74303904773774
32;0.0006430287096059383;BP;1;-164.72378077681225
