D;Delta;env;chi;eng
2;0.15463846895837052;BP;1;-156.15864273346446
4;0.07265165077692644;BP;1;-154.36915450432704
8;0.017735078108532434;BP;1;-153.32816009304372
16;0.001244395640635505;BP;1;-153.18735499731326
32;7.44243573690088e-15;BP;1;-153.18609476369548
