D;Delta;env;chi;eng
2;0.16101915707549225;BP;1;-166.13172768039362
4;0.07394549225838912;BP;1;-165.00295994841778
8;0.028463612603947103;BP;1;-164.43398779046723
16;0.005192930633814704;BP;1;-164.23182778425647
32;0.00044901470084215755;BP;1;-164.2203733794571
