D;Delta;env;chi;eng
32;0.09703456981743497;BP;1;-163.41901031536474
