D;Delta;env;chi;eng
2;0.20699945578749068;BP;1;-164.07476736310042
4;0.11122035517165109;BP;1;-161.94760527886038
8;0.040079213224809646;BP;1;-160.31070233660898
16;0.006346933892074913;BP;1;-159.83480960846813
32;0.0003926672181138908;BP;1;-159.81296417353488
