D;Delta;env;chi;eng
2;2.908234917347004e-16;BP;1;-84.89190158551268
4;2.908234917347004e-16;BP;1;-84.89190158551268
8;2.908234917347004e-16;BP;1;-84.89190158551268
16;2.908234917347004e-16;BP;1;-84.89190158551268
32;2.908234917347004e-16;BP;1;-84.89190158551268
