D;Delta;env;chi;eng
4;0.08462724016844766;BP;1;-182.65699308143604
8;0.04517454348475811;BP;1;-182.43606804252767
16;0.023630628591115727;BP;1;-182.30423602973778
