D;Delta;env;chi;eng
2;0.1025304215169421;BP;1;-117.70913517761029
4;9.396357324246113e-16;BP;1;-113.67447631599553
16;9.396357324246113e-16;BP;1;-113.67447631599553
8;9.396357324246113e-16;BP;1;-113.67447631599553
32;9.396357324246113e-16;BP;1;-113.67447631599553
