D;Delta;env;chi;eng
2;0.15343202292940933;BP;1;-159.71231348860508
4;0.07320023896297681;BP;1;-157.89812738925878
8;0.017427206555897287;BP;1;-156.74235775349146
16;0.0012050562608067709;BP;1;-156.5936896529831
32;9.54466219103279e-15;BP;1;-156.59231055478023
