D;Delta;env;chi;eng
2;0.15902948856817262;BP;1;-194.5822129782127
4;0.06879388647696127;BP;1;-190.9970690555691
8;0.008843275233794523;BP;1;-188.99009035499364
16;5.195496970630206e-15;BP;1;-188.9193904409643
32;5.195496970630206e-15;BP;1;-188.9193904409643
