D;Delta;env;chi;eng
4;0.15306139742302685;BP;1;-238.43107571844874
8;0.1104207972899175;BP;1;-238.00019951603497
16;0.07943561898246834;BP;1;-237.62936340625038
