D;Delta;env;chi;eng
32;0.042088678105277395;BP;1;-176.39413461728165
