D;Delta;env;chi;eng
2;0.5347470449666974;BP;1;-176.3726194168409
4;0.29220636915450904;BP;1;-173.9238809319641
8;0.17746651376111164;BP;1;-172.1061613028337
16;0.10340964086226671;BP;1;-170.88967503702094
32;0.05139265121711332;BP;1;-170.16963057142627
