D;Delta;env;chi;eng
32;0.05159002040949812;BP;1;-187.56819656206025
