D;Delta;env;chi;eng
2;0.09164951549848033;BP;1;-116.50101782711747
4;8.834118837080795e-16;BP;1;-113.16964542529166
8;8.834118837080795e-16;BP;1;-113.16964542529166
16;8.834118837080795e-16;BP;1;-113.16964542529166
32;8.834118837080795e-16;BP;1;-113.16964542529166
