D;Delta;env;chi;eng
2;0.192697334950012;BP;1;-165.78148065549334
4;0.04764292658805913;BP;1;-158.52243047875103
16;1.6919016571667773e-15;BP;1;-156.92461981432808
8;1.6919016571667773e-15;BP;1;-156.92461981432808
32;1.6919016571667773e-15;BP;1;-156.92461981432808
