D;Delta;env;chi;eng
4;0.18729823646707583;BP;1;-233.78728197976514
8;0.12818708049982366;BP;1;-232.80745791572403
16;0.0808750651493006;BP;1;-231.93506530254368
