D;Delta;env;chi;eng
2;0.16521927844296097;BP;1;-156.5481016375037
4;0.07389425943143162;BP;1;-154.42789127298772
8;0.018916219331707316;BP;1;-153.36116928208867
16;0.001439724777242566;BP;1;-153.2009157220589
32;7.746675343848886e-15;BP;1;-153.199239454624
