D;Delta;env;chi;eng
32;0.04973853102603947;BP;1;-189.76096209035356
