D;Delta;env;chi;eng
4;0.08300053769379404;BP;1;-163.37402634913846
2;0.16089359482485538;BP;1;-164.8563049973104
8;0.027402529078537567;BP;1;-162.34691443882087
16;0.0032389546442779535;BP;1;-162.09842710415228
32;0.00016225129432355368;BP;1;-162.09195282946027
