D;Delta;env;chi;eng
2;0.09287340231465285;BP;1;-118.60142454984039
4;9.161778762119051e-16;BP;1;-115.43398767519788
16;9.161778762119051e-16;BP;1;-115.43398767519788
8;9.161778762119051e-16;BP;1;-115.43398767519788
32;9.161778762119051e-16;BP;1;-115.43398767519788
