D;Delta;env;chi;eng
32;2.814439724635855e-16;BP;1;-84.91089698915552
