D;Delta;env;chi;eng
32;0.03855438157521307;BP;1;-190.2912226656588
