D;Delta;env;chi;eng
2;2.9432580224586926e-16;BP;1;-81.21126088978508
4;2.9432580224586926e-16;BP;1;-81.21126088978508
8;2.9432580224586926e-16;BP;1;-81.21126088978508
16;2.9432580224586926e-16;BP;1;-81.21126088978508
32;2.9432580224586926e-16;BP;1;-81.21126088978508
