D;Delta;env;chi;eng
4;0.27981123906714994;BP;1;-221.90419876169045
2;0.49877517906748875;BP;1;-225.91907299323978
8;0.17133219161616464;BP;1;-219.41340336673935
16;0.10002550397454597;BP;1;-217.984654044711
32;0.04965240634785708;BP;1;-217.17609084796644
