D;Delta;env;chi;eng
2;0.1392261278026632;BP;1;-137.3234272058997
4;0.038916201047150954;BP;1;-134.3322939634954
8;1.7594281059489884e-15;BP;1;-133.48656369319582
16;1.7594281059489884e-15;BP;1;-133.48656369319582
32;1.7594281059489884e-15;BP;1;-133.48656369319582
