D;Delta;env;chi;eng
2;0.16298871292290404;BP;1;-175.3027105303837
16;1.453049250090312e-15;BP;1;-167.8754097321335
4;0.047110840252359114;BP;1;-169.44292086548884
8;1.453049250090312e-15;BP;1;-167.8754097321335
32;1.453049250090312e-15;BP;1;-167.8754097321335
