D;Delta;env;chi;eng
4;0.3150420674166208;BP;1;-232.3072305616729
8;0.21089775969540195;BP;1;-231.37521133889945
16;0.15198550628979338;BP;1;-230.73891490160008
