D;Delta;env;chi;eng
32;0.001292466195391366;BP;1;-167.3896088157693
