D;Delta;env;chi;eng
32;0.05190600311866726;BP;1;-184.41981286346922
