D;Delta;env;chi;eng
2;0.14025674968855328;BP;1;-201.30101820035128
4;0.06451317129489811;BP;1;-199.79290608417614
8;0.017961516616040805;BP;1;-198.97061408802622
16;0.0021767347363088854;BP;1;-198.82874338543957
32;9.130709541381462e-05;BP;1;-198.8250655227331
