D;Delta;env;chi;eng
32;0.009682632971956576;BP;1;-181.0895617939664
