D;Delta;env;chi;eng
32;0.04213817626657046;BP;1;-187.45099614649507
