D;Delta;env;chi;eng
4;0.17051832511010226;BP;1;-231.34285854770377
8;0.11068730663273196;BP;1;-230.17497728846936
16;0.06016482115176965;BP;1;-229.14176374017535
