D;Delta;env;chi;eng
2;0.21574284415910283;BP;1;-217.6903217359662
4;0.11267046468468209;BP;1;-214.29762879559323
8;0.040845044207598546;BP;1;-211.9380803006457
16;0.0063371419280777415;BP;1;-211.23683659558026
32;0.0003895220973128666;BP;1;-211.20578072079957
