D;Delta;env;chi;eng
2;0.1171062541454918;BP;1;-118.10670448608748
4;8.655485612388545e-16;BP;1;-112.49712411725622
16;8.655485612388545e-16;BP;1;-112.49712411725622
8;8.655485612388545e-16;BP;1;-112.49712411725622
32;8.655485612388545e-16;BP;1;-112.49712411725622
