D;Delta;env;chi;eng
32;0.0048178767342804026;BP;1;-174.79363345487351
