D;Delta;env;chi;eng
32;0.009394952000047295;BP;1;-182.24484522507927
