D;Delta;env;chi;eng
32;0.00137180471151886;BP;1;-164.4197408480017
