D;Delta;env;chi;eng
32;0.13677462566836873;BP;1;-173.70558987482866
