D;Delta;env;chi;eng
2;0.09918327380654414;BP;1;-118.56702965071828
4;8.69219083376718e-16;BP;1;-114.61902605531829
8;8.69219083376718e-16;BP;1;-114.61902605531829
16;8.69219083376718e-16;BP;1;-114.61902605531829
32;8.69219083376718e-16;BP;1;-114.61902605531829
