D;Delta;env;chi;eng
4;0.06968950478563837;BP;1;-145.6678960593384
2;0.16722765617845609;BP;1;-148.47449791579984
8;0.009735224773334194;BP;1;-144.16959290734366
16;4.384503543500381e-15;BP;1;-144.10692037630193
32;4.384503543500381e-15;BP;1;-144.10692037630193
