D;Delta;env;chi;eng
2;0.14996756067266792;BP;1;-138.80009882543916
4;0.04132520880272245;BP;1;-134.4588478444248
8;2.0118366429362986e-15;BP;1;-133.4398523115341
16;2.0118366429362986e-15;BP;1;-133.4398523115341
32;2.0118366429362986e-15;BP;1;-133.4398523115341
