D;Delta;env;chi;eng
32;8.875409023897721e-16;BP;1;-115.60664271145127
