D;Delta;env;chi;eng
2;0.608419146650049;BP;1;-173.48089495688365
4;0.3539472994934665;BP;1;-168.80633310619928
8;0.212749226198905;BP;1;-165.5055149436746
16;0.11975168850172026;BP;1;-163.43881906786103
32;0.05644044813149545;BP;1;-162.29679983589855
