D;Delta;env;chi;eng
32;0.008068135714368426;BP;1;-175.26221424028157
