D;Delta;env;chi;eng
32;1.0157085136774281e-08;BP;1;-48.99892605478312
