D;Delta;env;chi;eng
32;0.07355477440201263;BP;1;-186.31708815848322
