D;Delta;env;chi;eng
2;0.19297058300614733;BP;1;-165.11216037184965
4;0.04841291840642046;BP;1;-157.6116430764873
8;1.7739450818677347e-15;BP;1;-155.97021053978588
16;1.7739450818677347e-15;BP;1;-155.97021053978588
32;1.7739450818677347e-15;BP;1;-155.97021053978588
