D;Delta;env;chi;eng
4;0.10645272612884334;BP;1;-222.98086130545133
2;0.212982275608983;BP;1;-225.3438516029576
8;0.052433216162963564;BP;1;-221.95432164302767
16;0.016035478311429485;BP;1;-221.37113108479667
32;0.002791129037671892;BP;1;-221.27899866234452
