D;Delta;env;chi;eng
4;0.1004456575976621;BP;1;-174.2945775747508
8;0.05032043168913031;BP;1;-173.68495184418623
16;0.01770780001215512;BP;1;-173.33938758654344
