D;Delta;env;chi;eng
4;0.39079555670116034;BP;1;-232.26238542722908
8;0.255480484336348;BP;1;-231.1047732093097
16;0.1825677842363001;BP;1;-230.34394611914385
