D;Delta;env;chi;eng
2;0.16606508889365307;BP;1;-155.94347118901572
4;0.08212513263371213;BP;1;-154.06971028449897
8;0.02033580738975679;BP;1;-152.74171920310118
16;0.0015168916127558888;BP;1;-152.56708919583062
32;9.770386986397038e-15;BP;1;-152.56521224752672
