D;Delta;env;chi;eng
2;0.1821158849624854;BP;1;-166.37237366510732
4;0.09174307562202438;BP;1;-164.68345098854235
8;0.031247491180813075;BP;1;-163.5203885365819
16;0.004588570472134186;BP;1;-163.1947608126272
32;0.0002500507779270836;BP;1;-163.18122938565685
