D;Delta;env;chi;eng
32;0.04332787924189209;BP;1;-172.96569275011336
