D;Delta;env;chi;eng
2;0.16471453492752278;BP;1;-170.45191728456294
4;0.08070786286425514;BP;1;-169.42633322473725
8;0.03195100207288712;BP;1;-168.74705615288585
16;0.0061471435934961;BP;1;-168.48729527422128
32;0.0005576986894424873;BP;1;-168.4693274575735
