D;Delta;env;chi;eng
32;0.011059588443796063;BP;1;-177.07967008063096
