D;Delta;env;chi;eng
2;0.16937157841191408;BP;1;-194.65939592956934
4;0.07266642172246812;BP;1;-190.87055066498294
32;4.8091289681233515e-15;BP;1;-188.62930917254997
16;4.8091289681233515e-15;BP;1;-188.62930917254997
8;0.009538006798630826;BP;1;-188.71212956032355
