D;Delta;env;chi;eng
2;0.22759966113610106;BP;1;-169.01467569879483
4;0.1214032602929715;BP;1;-167.02684702685497
8;0.052521416990451944;BP;1;-165.61143070909296
16;0.01225936880470111;BP;1;-164.9985051750742
32;0.0013980435974913605;BP;1;-164.93797369560076
