D;Delta;env;chi;eng
32;0.016476374624325083;BP;1;-184.6644822687275
