D;Delta;env;chi;eng
32;0.005403437194441587;BP;1;-171.8769192306101
