D;Delta;env;chi;eng
2;0.11842207088084307;BP;1;-117.95235234341091
4;8.416582012999304e-16;BP;1;-112.5458825717595
8;8.416582012999304e-16;BP;1;-112.5458825717595
16;8.416582012999304e-16;BP;1;-112.5458825717595
32;8.416582012999304e-16;BP;1;-112.5458825717595
