D;Delta;env;chi;eng
2;0.12061972980017077;BP;1;-117.61090347451608
4;8.666108543040462e-16;BP;1;-111.62480685213018
8;8.666108543040462e-16;BP;1;-111.62480685213018
16;8.666108543040462e-16;BP;1;-111.62480685213018
32;8.666108543040462e-16;BP;1;-111.62480685213018
