D;Delta;env;chi;eng
32;0.04648305962870686;BP;1;-187.94232087264982
