D;Delta;env;chi;eng
2;0.2230713080011103;BP;1;-172.49791002781222
4;0.10925739353375848;BP;1;-170.5905316448131
8;0.053036853150286986;BP;1;-169.84764415273918
16;0.0164893629442647;BP;1;-169.41214967415334
32;0.0029266154866191317;BP;1;-169.34277802796765
