D;Delta;env;chi;eng
2;0.16138861617012157;BP;1;-158.58738717444825
4;0.07794894936059692;BP;1;-156.65647572161595
8;0.01853955590354596;BP;1;-155.38358923770053
16;0.0012304675073781472;BP;1;-155.22981638492334
32;7.866964969005632e-15;BP;1;-155.22836020627904
