D;Delta;env;chi;eng
2;0.21854265391796035;BP;1;-168.43506823348946
4;0.11966046853447905;BP;1;-166.47214650285204
8;0.0512467105023619;BP;1;-165.07234756737986
16;0.011869739681809892;BP;1;-164.47654309698743
32;0.00137180471151886;BP;1;-164.4197408480017
