D;Delta;env;chi;eng
32;0.025611567268395273;BP;1;-175.7943554808483
