D;Delta;env;chi;eng
32;0.08396526558875593;BP;1;-182.72422667422086
