D;Delta;env;chi;eng
32;0.05182208499280085;BP;1;-186.98204693558247
