D;Delta;env;chi;eng
2;0.1715366684353806;BP;1;-213.94810884855588
4;0.0859453530979431;BP;1;-211.51021769534486
8;0.028101077912245944;BP;1;-210.07890799377964
16;0.0034106890977850753;BP;1;-209.73990603062165
32;0.00017058477855539397;BP;1;-209.73114787938943
