D;Delta;env;chi;eng
32;0.058960183591051915;BP;1;-169.3771256614408
