D;Delta;env;chi;eng
32;0.06451519914151208;BP;1;-187.32618474122322
