D;Delta;env;chi;eng
2;0.19316689189403624;BP;1;-170.16832612490455
4;0.09754592156657088;BP;1;-168.30695876996256
8;0.03942417849797547;BP;1;-167.33309889484138
16;0.008471171004292604;BP;1;-166.94913837545715
32;0.0008930318006137711;BP;1;-166.916115254541
