D;Delta;env;chi;eng
2;0.13663431768628737;BP;1;-155.88569822142043
4;0.06240576639253822;BP;1;-154.68574360279325
8;0.0170985679600537;BP;1;-154.1125187838317
16;0.0020582379303043007;BP;1;-154.01635120054536
32;8.740188429755346e-05;BP;1;-154.0137890482352
