D;Delta;env;chi;eng
4;0.06770982674002789;BP;1;-149.76170954551316
2;0.15327992475204288;BP;1;-152.2289410529541
8;0.00856400428330435;BP;1;-148.18225166541964
32;4.566500783035999e-15;BP;1;-148.1274976993663
16;4.566500783035999e-15;BP;1;-148.1274976993663
