D;Delta;env;chi;eng
4;0.1460043780782952;BP;1;-179.84479554333285
8;0.0935100000118429;BP;1;-179.26788929495783
16;0.057644947370374636;BP;1;-178.88044101723477
