D;Delta;env;chi;eng
4;0.05660431073133589;BP;1;-144.40046476384788
2;0.15404382396467278;BP;1;-146.5930575853501
8;0.006658535154877688;BP;1;-143.33616912659525
32;3.928897667730568e-15;BP;1;-143.30207655200437
16;3.928897667730568e-15;BP;1;-143.30207655200437
