D;Delta;env;chi;eng
2;0.15934017425612285;BP;1;-148.49310556934333
4;0.06703596395451521;BP;1;-146.2528805598152
8;0.008481745451112454;BP;1;-144.87289635940485
16;3.75025174364843e-15;BP;1;-144.82437053079747
32;3.75025174364843e-15;BP;1;-144.82437053079747
