D;Delta;env;chi;eng
2;0.08889942239348785;BP;1;-113.99933320512514
8;8.88045203836496e-16;BP;1;-110.69057957947585
4;8.88045203836496e-16;BP;1;-110.69057957947585
16;8.88045203836496e-16;BP;1;-110.69057957947585
32;8.88045203836496e-16;BP;1;-110.69057957947585
