D;Delta;env;chi;eng
32;0.15839801626724057;BP;1;-179.831713245296
