D;Delta;env;chi;eng
2;0.13607177233088041;BP;1;-137.40153100003613
4;0.03759866487375341;BP;1;-134.50876615584102
8;1.5858956022002873e-15;BP;1;-133.72100076962732
32;1.5858956022002873e-15;BP;1;-133.72100076962732
16;1.5858956022002873e-15;BP;1;-133.72100076962732
