D;Delta;env;chi;eng
2;0.229106778710892;BP;1;-177.5574892757552
4;0.10542299795209997;BP;1;-175.92891381324583
8;0.054687340981245364;BP;1;-175.3590934305434
16;0.02142659474523665;BP;1;-175.01593700574387
32;0.005440959834739932;BP;1;-174.92492555136775
