D;Delta;env;chi;eng
2;0.5286963086763695;BP;1;-189.39660694252584
4;0.20172609567544816;BP;1;-188.5765346930776
8;0.10707760210793098;BP;1;-188.3079686467105
16;0.06880018873594201;BP;1;-188.1613685973291
32;0.04810120725159153;BP;1;-188.0787390066756
