D;Delta;env;chi;eng
2;0.16267767177178222;BP;1;-156.53108412093457
8;0.019028696275824996;BP;1;-153.60202262308104
4;0.07786938554818609;BP;1;-154.78472805601888
16;0.001263921225760282;BP;1;-153.45222629769518
32;7.484021582815748e-15;BP;1;-153.45087298876197
