D;Delta;env;chi;eng
2;0.1372441815077346;BP;1;-138.73896079623836
4;0.0372737126410264;BP;1;-135.58638912778417
8;1.7071960166744229e-15;BP;1;-134.73336680027992
32;1.7071960166744229e-15;BP;1;-134.73336680027992
16;1.7071960166744229e-15;BP;1;-134.73336680027992
