D;Delta;env;chi;eng
32;0.02751404006918783;BP;1;-186.25804275412077
