D;Delta;env;chi;eng
32;0.07759494767286086;BP;1;-160.81119969344974
