D;Delta;env;chi;eng
2;0.19283839096849728;BP;1;-130.63903536679135
4;0.04907676609818327;BP;1;-125.07131711404787
8;1.645242026312344e-15;BP;1;-123.73151588489826
16;1.645242026312344e-15;BP;1;-123.73151588489826
32;1.645242026312344e-15;BP;1;-123.73151588489826
