D;Delta;env;chi;eng
2;0.20793844644562923;BP;1;-165.59387288058736
4;0.1100227848509644;BP;1;-163.2617487781891
8;0.03973616303538598;BP;1;-161.6196158657705
16;0.006423469753338517;BP;1;-161.1091381033155
32;0.00040624032105292935;BP;1;-161.0830212976896
