D;Delta;env;chi;eng
32;0.012097874873151494;BP;1;-183.92645743423944
