D;Delta;env;chi;eng
2;0.13410603376771832;BP;1;-103.64448584681026
4;8.216368514957596e-16;BP;1;-98.2030190896522
32;8.216368514957596e-16;BP;1;-98.2030190896522
8;8.216368514957596e-16;BP;1;-98.2030190896522
16;8.216368514957596e-16;BP;1;-98.2030190896522
