D;Delta;env;chi;eng
32;0.09293214568626693;BP;1;-184.95747282979195
