D;Delta;env;chi;eng
32;5.834713842906994e-15;BP;1;-123.86779117059474
