D;Delta;env;chi;eng
4;0.28399518445785465;BP;1;-219.4794492739625
8;0.149088258519003;BP;1;-218.2260331231134
16;0.0875720390776524;BP;1;-217.69803195684898
