D;Delta;env;chi;eng
32;0.05708954685524477;BP;1;-188.9818658092849
