D;Delta;env;chi;eng
32;0.09150886941962873;BP;1;-154.10815834864218
