D;Delta;env;chi;eng
2;0.09546803994190825;BP;1;-112.98158592349954
4;8.775393096775568e-16;BP;1;-109.16153009774173
8;8.775393096775568e-16;BP;1;-109.16153009774173
16;8.775393096775568e-16;BP;1;-109.16153009774173
32;8.775393096775568e-16;BP;1;-109.16153009774173
