D;Delta;env;chi;eng
2;0.1746549020935595;BP;1;-194.6854424841013
4;0.07149552486856402;BP;1;-190.111972478757
16;5.5914999854584144e-15;BP;1;-187.89758740094442
8;0.009948873895543903;BP;1;-187.98723187224755
32;5.5914999854584144e-15;BP;1;-187.89758740094442
