D;Delta;env;chi;eng
32;0.06624500832294988;BP;1;-186.12236526593722
