D;Delta;env;chi;eng
2;0.20352328636293582;BP;1;-208.95942693702548
8;0.026593926206798606;BP;1;-202.1323431932389
4;0.10068439427355652;BP;1;-204.83696114428972
16;0.002124641876499228;BP;1;-201.71859355121865
32;9.088197961899784e-15;BP;1;-201.71321938847018
