D;Delta;env;chi;eng
4;0.3918274037683017;BP;1;-184.5768406747769
8;0.22118502641514748;BP;1;-184.0954298744019
16;0.14108393986436357;BP;1;-183.6932358948913
