D;Delta;env;chi;eng
2;0.16571068092813226;BP;1;-169.0331970744902
4;0.08425081495614059;BP;1;-167.69659855080226
8;0.03362958079859064;BP;1;-166.92327925953822
16;0.006062645408269736;BP;1;-166.63115091823113
32;0.0005439809494707823;BP;1;-166.61400313767888
