D;Delta;env;chi;eng
2;0.1438135735926147;BP;1;-131.885807774973
8;9.719556675774513e-16;BP;1;-124.03445768312199
4;9.719556675774513e-16;BP;1;-124.03445768312199
16;9.719556675774513e-16;BP;1;-124.03445768312199
32;9.719556675774513e-16;BP;1;-124.03445768312199
