D;Delta;env;chi;eng
2;0.15455279036109595;BP;1;-164.5053390955929
4;0.07736082243940202;BP;1;-163.2011634170146
8;0.025519153078161425;BP;1;-162.3170113720761
16;0.00308219284835358;BP;1;-162.09979133076806
32;0.00014932011834032413;BP;1;-162.09389866729504
