D;Delta;env;chi;eng
2;0.10781799186610656;BP;1;-119.63121844863511
4;8.727421205422817e-16;BP;1;-115.32058670206347
8;8.727421205422817e-16;BP;1;-115.32058670206347
16;8.727421205422817e-16;BP;1;-115.32058670206347
32;8.727421205422817e-16;BP;1;-115.32058670206347
