D;Delta;env;chi;eng
32;0.007357567746209033;BP;1;-173.79787398679733
