D;Delta;env;chi;eng
32;0.029179937748469734;BP;1;-158.9268055327764
