D;Delta;env;chi;eng
4;0.06900545882646417;BP;1;-153.50292045937496
2;0.17613233464339853;BP;1;-155.29949546333566
8;0.017303889819551842;BP;1;-152.62669997130874
16;0.0010373224287041876;BP;1;-152.4921621215757
32;7.37482491644415e-15;BP;1;-152.49121275321406
