D;Delta;env;chi;eng
2;0.161674672204589;BP;1;-164.11165084826274
4;0.07731144942356333;BP;1;-162.90948906673052
8;0.02639343334674299;BP;1;-162.258607957963
16;0.0047541727235416295;BP;1;-162.0835441138255
32;0.00039554092496403575;BP;1;-162.0734361622891
