D;Delta;env;chi;eng
32;0.022427426720172856;BP;1;-179.53818248831658
