D;Delta;env;chi;eng
32;0.049679738916127716;BP;1;-188.40974109007087
