D;Delta;env;chi;eng
4;0.20912474357845373;BP;1;-186.69473432773955
8;0.13957224508695562;BP;1;-186.1213875991507
16;0.09426282880410485;BP;1;-185.70370493297688
