D;Delta;env;chi;eng
32;0.0023495879306475826;BP;1;-171.59970901538554
