D;Delta;env;chi;eng
4;0.08211459431263944;BP;1;-159.10688583744917
2;0.19967521482925532;BP;1;-161.0042641714997
8;0.026939196119784577;BP;1;-158.1821900151989
16;0.0034281301899304465;BP;1;-157.94296875567642
32;0.0001509600646559279;BP;1;-157.93572195867847
