D;Delta;env;chi;eng
32;1.571760672432296e-15;BP;1;-133.73542528738915
