D;Delta;env;chi;eng
32;0.05557516938829471;BP;1;-172.8534308751349
