D;Delta;env;chi;eng
2;0.09829324097996553;BP;1;-150.6289329647208
4;9.23784258357777e-16;BP;1;-146.07091013257607
8;9.23784258357777e-16;BP;1;-146.07091013257607
16;9.23784258357777e-16;BP;1;-146.07091013257607
32;9.23784258357777e-16;BP;1;-146.07091013257607
