D;Delta;env;chi;eng
32;0.12420225395599964;BP;1;-180.21486380875527
