D;Delta;env;chi;eng
32;0.06794419947249818;BP;1;-175.7261531264092
