D;Delta;env;chi;eng
2;0.10527990418858228;BP;1;-191.5844499786858
4;0.04415393383131055;BP;1;-190.6836280135734
8;0.011021653541149418;BP;1;-190.3087790752864
16;0.0011377797082043623;BP;1;-190.25680532074483
32;3.6826792571826606e-05;BP;1;-190.25585206389982
