D;Delta;env;chi;eng
32;6.370989062245432e-15;BP;1;-151.84013498564724
