D;Delta;env;chi;eng
32;0.09089761036558038;BP;1;-171.38694547948006
