D;Delta;env;chi;eng
2;0.39755025943107253;BP;1;-133.87560758755745
4;0.16949061775899538;BP;1;-127.43917182041838
8;0.05206078800259961;BP;1;-123.74270303007576
16;0.006691334778560595;BP;1;-122.85346135053999
32;9.249949916134131e-15;BP;1;-122.82300742209563
