D;Delta;env;chi;eng
2;0.616140757960271;BP;1;-176.48309998545108
4;0.3268329413841203;BP;1;-174.58504202404995
8;0.18315953211935992;BP;1;-173.0417939158353
16;0.10860693842589808;BP;1;-172.092315882425
32;0.05896225609102225;BP;1;-171.56974496177423
