D;Delta;env;chi;eng
32;7.484021582815748e-15;BP;1;-153.45087298876197
