D;Delta;env;chi;eng
4;0.07218644859321387;BP;1;-190.2129752064311
2;0.1741457098467552;BP;1;-194.27454247404665
8;0.00961337308772366;BP;1;-188.05977221995371
16;5.028697972453761e-15;BP;1;-187.97581425129073
32;5.028697972453761e-15;BP;1;-187.97581425129073
