D;Delta;env;chi;eng
32;0.0007132051932110819;BP;1;-168.10184649780817
