D;Delta;env;chi;eng
32;0.014355458817002916;BP;1;-177.15202719743388
