D;Delta;env;chi;eng
4;0.060631114225575364;BP;1;-166.52120858123993
8;0.02235772412703882;BP;1;-166.23207191981288
16;0.004769294878984247;BP;1;-166.1225337676002
