D;Delta;env;chi;eng
2;0.21582062827750112;BP;1;-167.49832541601774
4;0.11166100861430739;BP;1;-165.33218193262397
8;0.04713585879079003;BP;1;-164.09685047566086
16;0.011103783866944477;BP;1;-163.57804196317238
32;0.001281249266158969;BP;1;-163.52603126338187
