D;Delta;env;chi;eng
4;0.18287393348670847;BP;1;-185.29018330474594
8;0.12427124631213865;BP;1;-184.6520914552045
16;0.08104744234918164;BP;1;-184.09713835760286
