D;Delta;env;chi;eng
32;0.008687311162143607;BP;1;-171.33426433354026
