D;Delta;env;chi;eng
2;0.1555973494692697;BP;1;-156.11362618200653
4;0.07415892269789492;BP;1;-154.55767800122604
8;0.018344497882172975;BP;1;-153.48640483640466
16;0.001285393824146851;BP;1;-153.33965181580996
32;8.643848282215388e-15;BP;1;-153.33831284355864
