D;Delta;env;chi;eng
2;2.665556429823108e-16;BP;1;-100.72418550335986
4;2.665556429823108e-16;BP;1;-100.72418550335986
8;2.665556429823108e-16;BP;1;-100.72418550335986
32;2.665556429823108e-16;BP;1;-100.72418550335986
16;2.665556429823108e-16;BP;1;-100.72418550335986
