D;Delta;env;chi;eng
32;0.059677798540164056;BP;1;-185.1132128499423
