D;Delta;env;chi;eng
2;0.10570401252242786;BP;1;-143.9459513792433
4;0.042879977289988325;BP;1;-143.12408165306323
8;0.010568366972869487;BP;1;-142.87882518284817
16;0.0011089337227812514;BP;1;-142.84602016202368
32;3.613779739538891e-05;BP;1;-142.84542904130672
