D;Delta;env;chi;eng
2;0.17357612780705794;BP;1;-157.7353278958118
4;0.08515832561590231;BP;1;-155.89805792508864
8;0.021902695014036935;BP;1;-154.4808227871468
16;0.0016086090966524924;BP;1;-154.27853883514888
32;8.582310614327805e-15;BP;1;-154.27641594573612
