D;Delta;env;chi;eng
32;9.361734983940099e-16;BP;1;-94.09654285202295
