D;Delta;env;chi;eng
32;0.00617598926749382;BP;1;-176.85922530289952
