D;Delta;env;chi;eng
32;0.0385103504174328;BP;1;-191.07005593149842
