D;Delta;env;chi;eng
2;0.13781588571585987;BP;1;-175.560305422755
4;0.03879862366166023;BP;1;-171.85998248900097
32;1.5065519197760006e-15;BP;1;-170.76632244130892
8;1.5065519197760006e-15;BP;1;-170.76632244130892
16;1.5065519197760006e-15;BP;1;-170.76632244130892
