D;Delta;env;chi;eng
2;0.1170886577786303;BP;1;-118.12350780696774
8;8.446598072721451e-16;BP;1;-112.43140442861225
4;8.446598072721451e-16;BP;1;-112.43140442861225
16;8.446598072721451e-16;BP;1;-112.43140442861225
32;8.446598072721451e-16;BP;1;-112.43140442861225
