D;Delta;env;chi;eng
32;0.12331477581532847;BP;1;-175.67204395461863
