D;Delta;env;chi;eng
2;0.5387358994676675;BP;1;-174.3281919700224
4;0.3220860575341231;BP;1;-170.0762761989272
8;0.2006718376589099;BP;1;-166.97496224300693
16;0.11163464473263907;BP;1;-164.89026000152268
32;0.05130365448107551;BP;1;-163.780315841724
64;0.019206919082039177;BP;1;-163.39485441806573
