D;Delta;env;chi;eng
2;0.11724898313659675;BP;1;-149.29371646967542
4;8.517968734317648e-16;BP;1;-142.628811832015
8;8.517968734317648e-16;BP;1;-142.628811832015
16;8.517968734317648e-16;BP;1;-142.628811832015
32;8.517968734317648e-16;BP;1;-142.628811832015
