D;Delta;env;chi;eng
32;0.0521300705894488;BP;1;-188.74465303229857
