D;Delta;env;chi;eng
4;0.03885447599960091;BP;1;-131.0714906564333
2;0.14229885940591086;BP;1;-134.5518097867316
16;2.0313983433985924e-15;BP;1;-130.26358209313295
32;2.0313983433985924e-15;BP;1;-130.26358209313295
8;2.0313983433985924e-15;BP;1;-130.26358209313295
