D;Delta;env;chi;eng
2;0.16185406061792454;BP;1;-138.9454360928615
4;0.04545059317354661;BP;1;-134.03222860064594
8;1.8665888957873885e-15;BP;1;-132.810557234396
32;1.8665888957873885e-15;BP;1;-132.810557234396
16;1.8665888957873885e-15;BP;1;-132.810557234396
