D;Delta;env;chi;eng
32;9.035771477370412e-05;BP;1;-149.4573193506773
