D;Delta;env;chi;eng
32;0.014954776614482489;BP;1;-176.345757749308
