D;Delta;env;chi;eng
2;3.0161501327903053e-16;BP;1;-82.7473848955095
8;3.0161501327903053e-16;BP;1;-82.7473848955095
4;3.0161501327903053e-16;BP;1;-82.7473848955095
16;3.0161501327903053e-16;BP;1;-82.7473848955095
32;3.0161501327903053e-16;BP;1;-82.7473848955095
