D;Delta;env;chi;eng
16;8.624529845082521e-16;BP;1;-145.58222131564702
4;8.624529845082521e-16;BP;1;-145.58222131564702
2;0.10639156998803566;BP;1;-150.9819139970812
8;8.624529845082521e-16;BP;1;-145.58222131564702
32;8.624529845082521e-16;BP;1;-145.58222131564702
