D;Delta;env;chi;eng
32;0.06571898016945199;BP;1;-189.35250925900507
