D;Delta;env;chi;eng
4;0.09312155380876984;BP;1;-177.23121801185246
8;0.04642014423864058;BP;1;-176.68584644197557
16;0.016464746470310616;BP;1;-176.37349989186524
