D;Delta;env;chi;eng
8;8.691699918605358e-16;BP;1;-114.91815945768298
32;8.691699918605358e-16;BP;1;-114.91815945768298
4;8.691699918605358e-16;BP;1;-114.91815945768298
16;8.691699918605358e-16;BP;1;-114.91815945768298
2;0.10124037175846023;BP;1;-118.8913141469018
