D;Delta;env;chi;eng
32;0.06120221677874378;BP;1;-183.18825135774324
