D;Delta;env;chi;eng
32;0.08022905336628365;BP;1;-185.00522187474846
