D;Delta;env;chi;eng
2;0.10244426341440813;BP;1;-119.25689522383078
4;8.900679866685547e-16;BP;1;-115.12634233655243
8;8.900679866685547e-16;BP;1;-115.12634233655243
16;8.900679866685547e-16;BP;1;-115.12634233655243
32;8.900679866685547e-16;BP;1;-115.12634233655243
