D;Delta;env;chi;eng
32;0.007576486916736009;BP;1;-176.66489939381458
