D;Delta;env;chi;eng
2;0.22259780748738134;BP;1;-215.75181409014328
4;0.11256896683644421;BP;1;-211.78181298124855
8;0.04107800081290312;BP;1;-209.48162084631443
16;0.006713376326354813;BP;1;-208.76582505810143
32;0.0004254001401492878;BP;1;-208.72992313794387
