D;Delta;env;chi;eng
2;0.5630375636641946;BP;1;-175.08215027017667
4;0.324128663976729;BP;1;-171.69334589815116
8;0.1992158461067572;BP;1;-169.12735941816277
16;0.11446688838311454;BP;1;-167.39654280103662
32;0.05631582887662082;BP;1;-166.44780645367473
