D;Delta;env;chi;eng
2;0.2026755211586611;BP;1;-206.28185298953255
4;0.09071998691105923;BP;1;-202.54072909141078
8;0.024105206228142134;BP;1;-200.44074837260808
16;0.0017445096158881029;BP;1;-200.0994580652234
32;8.22679366742273e-15;BP;1;-200.09584061174317
