D;Delta;env;chi;eng
2;0.11815939132829262;BP;1;-123.42059269442493
4;0.04105645624272638;BP;1;-121.99175902833645
8;0.003997496168366312;BP;1;-121.54871163456885
16;6.1518024933180624e-15;BP;1;-121.54107561265228
32;6.1518024933180624e-15;BP;1;-121.54107561265228
