D;Delta;env;chi;eng
2;0.14973717655722374;BP;1;-194.08482450794193
4;0.0621271549919853;BP;1;-191.06689057534055
8;0.007784507558555105;BP;1;-189.3922644659667
16;5.302682341729542e-15;BP;1;-189.33701404830194
32;5.302682341729542e-15;BP;1;-189.33701404830194
