D;Delta;env;chi;eng
32;0.048749981923239954;BP;1;-169.0081177145647
