D;Delta;env;chi;eng
32;0.00044901470084215755;BP;1;-164.2203733794571
