D;Delta;env;chi;eng
32;0.07369912003154064;BP;1;-179.49012199683995
