D;Delta;env;chi;eng
2;0.16458814658093257;BP;1;-159.9604476648923
4;0.07462296139099577;BP;1;-157.80090903149116
8;0.018488351432945128;BP;1;-156.61381705011303
16;0.0013908399189859226;BP;1;-156.4458976020496
32;9.354137039083245e-15;BP;1;-156.44406861895078
