D;Delta;env;chi;eng
32;0.061903712700078065;BP;1;-182.74823287732542
