D;Delta;env;chi;eng
2;0.6129855499672101;BP;1;-175.5672736844452
4;0.331053984803509;BP;1;-173.10936574317657
8;0.1899540276896551;BP;1;-171.19616017913376
16;0.11229047706065404;BP;1;-170.0385752013855
32;0.058960183591051915;BP;1;-169.3771256614408
