D;Delta;env;chi;eng
32;0.052055554031648736;BP;1;-184.13517928382004
