D;Delta;env;chi;eng
2;0.17433581290923628;BP;1;-162.7017201882427
4;0.08816936329229798;BP;1;-161.03766703293326
8;0.029587130257372495;BP;1;-159.94222843850133
16;0.004063016872346815;BP;1;-159.6685823513604
32;0.00021760527011760396;BP;1;-159.6595043380693
