D;Delta;env;chi;eng
2;0.16981709922995744;BP;1;-161.20511328948373
4;0.0786131858551776;BP;1;-159.89969823964267
8;0.02682603610433977;BP;1;-159.2488009583876
16;0.004940881960562487;BP;1;-159.0788162534785
32;0.0004164881447615642;BP;1;-159.06903599659924
