D;Delta;env;chi;eng
2;0.17602572711575737;BP;1;-166.26228139583657
4;0.08990283261948251;BP;1;-164.72217291971293
8;0.03091744549031323;BP;1;-163.5757113935921
16;0.004110202492557528;BP;1;-163.26148754433606
32;0.00021567552700458873;BP;1;-163.251015845538
