D;Delta;env;chi;eng
2;0.10412546389404422;BP;1;-119.0615997836355
4;8.619459848906864e-16;BP;1;-114.4916829854221
8;8.619459848906864e-16;BP;1;-114.4916829854221
16;8.619459848906864e-16;BP;1;-114.4916829854221
32;8.619459848906864e-16;BP;1;-114.4916829854221
