D;Delta;env;chi;eng
4;0.15556049548173745;BP;1;-187.29816064390403
8;0.10824088102843896;BP;1;-186.95402445808483
16;0.07793633600792416;BP;1;-186.71056783108455
