D;Delta;env;chi;eng
2;0.2495689811889825;BP;1;-213.19431760067437
4;0.10205575555585607;BP;1;-209.8810319297725
8;0.03957530729910928;BP;1;-208.571678061094
16;0.008118099306906847;BP;1;-208.09750485731874
32;0.0007604699877707765;BP;1;-208.06146628545022
