D;Delta;env;chi;eng
32;0.049958921356481834;BP;1;-168.6043407649137
