D;Delta;env;chi;eng
2;0.17454873181811084;BP;1;-205.4664127320977
4;0.08739595274897745;BP;1;-202.2924408344756
8;0.021400877173230037;BP;1;-200.1866167807076
16;0.0015209049807845103;BP;1;-199.9198712297061
32;8.277038984039265e-15;BP;1;-199.9171145644289
