D;Delta;env;chi;eng
2;0.18226690270640528;BP;1;-170.20209954605045
4;0.09379858163550664;BP;1;-168.8051028087881
8;0.037939413477262963;BP;1;-167.90660040264441
16;0.008132510973226209;BP;1;-167.54806316679534
32;0.0008323520075468776;BP;1;-167.51683446791108
