D;Delta;env;chi;eng
32;0.054942897661782904;BP;1;-182.0605350653191
