D;Delta;env;chi;eng
2;0.16341804746953095;BP;1;-147.44002094609726
4;0.07168076442141648;BP;1;-144.953020046164
16;4.977083798837123e-15;BP;1;-143.3033838744731
8;0.00962228909707772;BP;1;-143.36328152180752
32;4.977083798837123e-15;BP;1;-143.3033838744731
