D;Delta;env;chi;eng
4;0.02503333128632994;BP;1;-170.68148723850368
8;0.012215711415867213;BP;1;-170.65597023164148
16;0.004561797593007977;BP;1;-170.64068314115687
