D;Delta;env;chi;eng
2;0.0985394996592273;BP;1;-135.30411762531145
8;0.006779141799333697;BP;1;-134.1228411028281
4;0.037525170947255354;BP;1;-134.37109117646816
16;0.00035812541769816684;BP;1;-134.10533010516414
32;7.638353641473194e-15;BP;1;-134.10526445551744
