D;Delta;env;chi;eng
8;3.0900857876465455e-16;BP;1;-104.66876737759264
16;3.0900857876465455e-16;BP;1;-104.66876737759264
2;3.0900857876465455e-16;BP;1;-104.66876737759264
4;3.0900857876465455e-16;BP;1;-104.66876737759264
32;3.0900857876465455e-16;BP;1;-104.66876737759264
