D;Delta;env;chi;eng
4;0.08226878440680907;BP;1;-218.4740924288964
2;0.175282930379423;BP;1;-220.30193559890995
8;0.032547523049465524;BP;1;-217.51345113754698
16;0.006228188726389193;BP;1;-217.1553776503461
32;0.0005654099549437665;BP;1;-217.13216080170767
