D;Delta;env;chi;eng
32;0.07936136707215645;BP;1;-177.44526998216458
