D;Delta;env;chi;eng
2;0.19238636069756831;BP;1;-161.21100054612634
4;0.09807237702336702;BP;1;-158.7398055039034
8;0.02564125206076613;BP;1;-156.7241605644345
16;0.0020396673327615932;BP;1;-156.42572526458088
32;7.94308466109785e-15;BP;1;-156.4218111448675
