D;Delta;env;chi;eng
2;0.16629325848828175;BP;1;-138.1005902408358
4;0.047664648617033165;BP;1;-132.56754785098852
8;1.483424222025587e-15;BP;1;-131.21611234417242
32;1.483424222025587e-15;BP;1;-131.21611234417242
16;1.483424222025587e-15;BP;1;-131.21611234417242
