D;Delta;env;chi;eng
4;8.922950639849895e-16;BP;1;-146.0995124544977
2;0.09743408050343065;BP;1;-150.64168561395772
8;8.922950639849895e-16;BP;1;-146.0995124544977
16;8.922950639849895e-16;BP;1;-146.0995124544977
32;8.922950639849895e-16;BP;1;-146.0995124544977
