D;Delta;env;chi;eng
32;0.0001567935461322911;BP;1;-159.35569275413994
