D;Delta;env;chi;eng
2;0.17986029441052634;BP;1;-152.14459033300486
4;0.07753152676694353;BP;1;-148.82429442590578
8;0.010888008062426237;BP;1;-146.78696840401756
16;5.054727023284913e-15;BP;1;-146.69918439087903
32;5.054727023284913e-15;BP;1;-146.69918439087903
