D;Delta;env;chi;eng
32;0.060303855569109735;BP;1;-187.80992014686993
