D;Delta;env;chi;eng
4;9.335925722152589e-16;BP;1;-144.98931397716083
2;0.10232968765418095;BP;1;-149.74017523060368
8;9.335925722152589e-16;BP;1;-144.98931397716083
16;9.335925722152589e-16;BP;1;-144.98931397716083
32;9.335925722152589e-16;BP;1;-144.98931397716083
