D;Delta;env;chi;eng
32;0.014485946594206642;BP;1;-143.21781912005633
