D;Delta;env;chi;eng
2;0.1280565416275257;BP;1;-169.896798718871
4;0.047167150639891395;BP;1;-167.47606374649462
8;0.004654098741773676;BP;1;-166.5975044754763
16;6.476298763900586e-15;BP;1;-166.58196560069038
32;6.476298763900586e-15;BP;1;-166.58196560069038
