D;Delta;env;chi;eng
2;0.1788949167031207;BP;1;-163.68995308229788
4;0.09038920688298734;BP;1;-162.2279090767084
8;0.031361505932985936;BP;1;-161.1146819078576
16;0.00431202536461498;BP;1;-160.8166185298083
32;0.0002276368636339067;BP;1;-160.80648546960947
