D;Delta;env;chi;eng
4;0.15708316765086533;BP;1;-187.96363982629623
8;0.10327795785824276;BP;1;-187.67589980284777
16;0.07562458580413474;BP;1;-187.49108739777188
