D;Delta;env;chi;eng
4;0.13343096646429572;BP;1;-229.82515208870012
8;0.07657556206188192;BP;1;-228.7503851846543
16;0.03419870696087608;BP;1;-227.9624105088139
