D;Delta;env;chi;eng
32;8.416582012999304e-16;BP;1;-112.5458825717595
