D;Delta;env;chi;eng
32;0.027119379446365565;BP;1;-188.61180181792727
