D;Delta;env;chi;eng
4;0.10127737430323665;BP;1;-233.97274288015615
8;0.05591475205317602;BP;1;-233.38681361657464
16;0.024960811863084312;BP;1;-232.9903122824847
