D;Delta;env;chi;eng
32;0.024723495310723077;BP;1;-189.25566377202685
