D;Delta;env;chi;eng
32;0.09736298213609221;BP;1;-167.1656386807639
