D;Delta;env;chi;eng
2;0.1545870846982884;BP;1;-138.90210251091995
8;2.0346901716955227e-15;BP;1;-133.2410562282837
4;0.04215286813224009;BP;1;-134.29787372850058
32;2.0346901716955227e-15;BP;1;-133.2410562282837
16;2.0346901716955227e-15;BP;1;-133.2410562282837
