D;Delta;env;chi;eng
2;0.22210813743988778;BP;1;-222.25661255104117
4;0.11991505283577861;BP;1;-219.4914564713937
8;0.05190372012408395;BP;1;-217.55119171248765
16;0.011743795695127957;BP;1;-216.6956481838152
32;0.0013442584368092258;BP;1;-216.61678235592683
