D;Delta;env;chi;eng
4;0.10566950728407525;BP;1;-225.2820178135147
2;0.21869556348405855;BP;1;-227.35863288600999
8;0.053633152713640664;BP;1;-224.4207274457399
16;0.019068538492548196;BP;1;-223.930283351799
32;0.004068149892403938;BP;1;-223.82291987872117
64;0.0005684044358329654;BP;1;-223.81534328067997
