D;Delta;env;chi;eng
32;0.08641787654798634;BP;1;-172.55285959538907
