D;Delta;env;chi;eng
4;0.1386206461595706;BP;1;-231.7861556791721
8;0.0845236405473359;BP;1;-230.8571851294942
16;0.04165771032655037;BP;1;-230.0850055184806
