D;Delta;env;chi;eng
2;2.8897379095667173e-16;BP;1;-85.14568467865013
4;2.8897379095667173e-16;BP;1;-85.14568467865013
8;2.8897379095667173e-16;BP;1;-85.14568467865013
16;2.8897379095667173e-16;BP;1;-85.14568467865013
32;2.8897379095667173e-16;BP;1;-85.14568467865013
