D;Delta;env;chi;eng
4;0.08804940441149997;BP;1;-158.5175030688821
2;0.17938789031649233;BP;1;-160.71508548362084
8;0.02228001580740621;BP;1;-156.88545357838092
16;0.0016298752575850195;BP;1;-156.65630593237123
32;7.991778025908216e-15;BP;1;-156.65377669347149
