D;Delta;env;chi;eng
32;0.00340551193684797;BP;1;-171.82974062953468
