D;Delta;env;chi;eng
4;0.07960985011134075;BP;1;-156.1438287763184
2;0.16904663024675437;BP;1;-157.745818547303
8;0.020210336455057563;BP;1;-154.92784128311843
16;0.0013435551697014692;BP;1;-154.75418780563854
32;7.933651517432696e-15;BP;1;-154.75268928027137
