D;Delta;env;chi;eng
32;0.054676790295153245;BP;1;-181.29264286792306
