D;Delta;env;chi;eng
4;0.11508626858926262;BP;1;-166.62441371719768
8;0.053830107591963175;BP;1;-165.57489367306354
16;0.015144268902131497;BP;1;-165.0139460310712
