D;Delta;env;chi;eng
4;8.230717516924837e-16;BP;1;-145.12864266309077
2;0.10360053737976169;BP;1;-150.31894176597743
16;8.230717516924837e-16;BP;1;-145.12864266309077
8;8.230717516924837e-16;BP;1;-145.12864266309077
32;8.230717516924837e-16;BP;1;-145.12864266309077
