D;Delta;env;chi;eng
32;0.019070149238545546;BP;1;-178.14515773014196
