D;Delta;env;chi;eng
8;7.810980204483497e-16;BP;1;-143.8723441089275
2;0.10826879720246632;BP;1;-149.62149543131508
32;7.810980204483497e-16;BP;1;-143.8723441089275
4;7.810980204483497e-16;BP;1;-143.8723441089275
16;7.810980204483497e-16;BP;1;-143.8723441089275
