D;Delta;env;chi;eng
4;0.08941668048766782;BP;1;-204.6205627914002
2;0.1839278452139715;BP;1;-207.8856539919094
8;0.0226745946542167;BP;1;-202.46411291462016
16;0.0016294791502064819;BP;1;-202.16455369981836
32;9.921427927972538e-15;BP;1;-202.1613451076522
