D;Delta;env;chi;eng
32;0.0472557611099232;BP;1;-188.5782422585158
