D;Delta;env;chi;eng
32;0.03228807958002829;BP;1;-178.65088659604947
