D;Delta;env;chi;eng
32;0.06263453694741945;BP;1;-164.5086116465448
