D;Delta;env;chi;eng
4;0.1976648043930037;BP;1;-171.64357163891185
8;0.11808858576208026;BP;1;-170.13960987644944
16;0.06559940664608732;BP;1;-169.33346203087598
