D;Delta;env;chi;eng
2;0.18226925174810943;BP;1;-216.8716415640129
8;0.02996748294196023;BP;1;-212.9687904046929
4;0.08803747840870318;BP;1;-214.4405439787192
16;0.004067185348546393;BP;1;-212.57649750093992
32;0.0002074315758958158;BP;1;-212.56342414752103
