D;Delta;env;chi;eng
32;0.0024201285180397544;BP;1;-164.93661338847963
