D;Delta;env;chi;eng
4;0.12403286567640194;BP;1;-234.0871067689439
8;0.07950062567193464;BP;1;-233.55064998225774
16;0.049737246613908846;BP;1;-233.20310800871763
