D;Delta;env;chi;eng
4;0.09233158814200723;BP;1;-204.08519956579266
2;0.18923995582563427;BP;1;-207.88740449147485
8;0.02359284474290766;BP;1;-201.73554370438526
16;0.0018925104858278203;BP;1;-201.4062122471298
32;9.622726036404002e-15;BP;1;-201.4019345364803
