D;Delta;env;chi;eng
32;2.949372981050037e-16;BP;1;-84.33505184908496
