D;Delta;env;chi;eng
2;0.17503978988058647;BP;1;-155.29890960728073
4;0.06980735423394831;BP;1;-153.3318368005181
8;0.016910555156215316;BP;1;-152.3510528826256
16;0.0010036923541977714;BP;1;-152.2127700414918
32;7.722694126092067e-15;BP;1;-152.21179520901217
