D;Delta;env;chi;eng
2;0.17075578978791903;BP;1;-168.04672943268926
4;0.08216276742536105;BP;1;-166.94340635221351
8;0.03259540532356154;BP;1;-166.26378044281302
16;0.006442857912216848;BP;1;-166.0054903870411
32;0.0005907478952731434;BP;1;-165.98770235715557
