D;Delta;env;chi;eng
4;0.1121522618888815;BP;1;-217.74313743101217
2;0.2207387747245431;BP;1;-220.86472354583282
8;0.04783860221701869;BP;1;-216.03762798571177
16;0.010986660046103014;BP;1;-215.2987738213325
32;0.0012567787951844767;BP;1;-215.22633722357045
