D;Delta;env;chi;eng
2;0.23825416692484058;BP;1;-168.00848324579704
8;0.0538299820818231;BP;1;-164.15824383368755
4;0.12384780936550226;BP;1;-165.625701021032
16;0.012941699493647957;BP;1;-163.51490999846166
32;0.0015422320209982248;BP;1;-163.4465638515542
