D;Delta;env;chi;eng
32;0.018903651955689275;BP;1;-186.6010074965676
