D;Delta;env;chi;eng
32;0.02913584901942078;BP;1;-186.9854067178074
