D;Delta;env;chi;eng
2;0.20472200884011837;BP;1;-208.11054374023843
4;0.09150067778877918;BP;1;-204.14554553153533
8;0.024216497103801936;BP;1;-201.96730946704713
16;0.001906752707703845;BP;1;-201.6153830690962
32;8.617527638323234e-15;BP;1;-201.6110381491951
