D;Delta;env;chi;eng
32;2.855584193544591e-16;BP;1;-84.77333730008569
