D;Delta;env;chi;eng
32;0.0013980435974913605;BP;1;-164.93797369560076
