D;Delta;env;chi;eng
32;0.00017066274453969452;BP;1;-159.83499748171772
