D;Delta;env;chi;eng
32;0.059541549415572284;BP;1;-186.71242750602804
