D;Delta;env;chi;eng
32;0.10231347913828527;BP;1;-182.81495139221445
