D;Delta;env;chi;eng
2;2.949372981050037e-16;BP;1;-84.33505184908496
4;2.949372981050037e-16;BP;1;-84.33505184908496
8;2.949372981050037e-16;BP;1;-84.33505184908496
16;2.949372981050037e-16;BP;1;-84.33505184908496
32;2.949372981050037e-16;BP;1;-84.33505184908496
