D;Delta;env;chi;eng
2;0.5531506816005326;BP;1;-222.17053034208547
4;0.32854090508699785;BP;1;-216.28870433949567
8;0.20417914351996017;BP;1;-212.5644751522259
16;0.11679898879392286;BP;1;-210.34588367624477
32;0.05630931799921765;BP;1;-209.0965169161239
