D;Delta;env;chi;eng
32;0.0009672390415347795;BP;1;-170.63662683538232
