D;Delta;env;chi;eng
32;0.0487987822178535;BP;1;-188.1045594658975
