D;Delta;env;chi;eng
2;0.19002461551461533;BP;1;-168.4093166042927
4;0.09671665159162858;BP;1;-167.26509568288296
8;0.039988358141980276;BP;1;-166.35518225732562
16;0.008144800527204853;BP;1;-165.9841803048224
32;0.0007713432246562073;BP;1;-165.95676659252896
