D;Delta;env;chi;eng
32;0.021092922984202046;BP;1;-179.36433249465153
