D;Delta;env;chi;eng
2;3.0922220567382484e-16;BP;1;-105.32343321872037
4;3.0922220567382484e-16;BP;1;-105.32343321872037
8;3.0922220567382484e-16;BP;1;-105.32343321872037
32;3.0922220567382484e-16;BP;1;-105.32343321872037
16;3.0922220567382484e-16;BP;1;-105.32343321872037
