D;Delta;env;chi;eng
2;0.42825623901241167;BP;1;-131.39706221986324
4;0.19436939616624752;BP;1;-123.74370595327227
8;0.06279678007812495;BP;1;-118.76734932279203
16;0.008694689394132961;BP;1;-117.48083446253393
32;9.941335051316288e-15;BP;1;-117.42705551523187
