D;Delta;env;chi;eng
2;0.16509058048561023;BP;1;-159.12320273594233
4;0.08487702397829688;BP;1;-157.18608369161126
8;0.020688538971059732;BP;1;-155.63838613046167
16;0.0014690617019692234;BP;1;-155.4429366966313
32;9.342952542849441e-15;BP;1;-155.44086735901513
