D;Delta;env;chi;eng
2;0.16406517866032355;BP;1;-213.34375439833553
4;0.07982093603618257;BP;1;-211.21632482106378
8;0.02636312147084949;BP;1;-209.983320895968
16;0.00324626955566195;BP;1;-209.6808549752137
32;0.00015637545670382858;BP;1;-209.67285279251863
