D;Delta;env;chi;eng
2;0.33814301723488216;BP;1;-130.0465969270876
4;0.12586848323196206;BP;1;-122.24091725180456
8;0.02386141215156393;BP;1;-118.71621354885859
32;5.288406127600241e-15;BP;1;-118.39439106318301
16;5.288406127600241e-15;BP;1;-118.39439106318301
