D;Delta;env;chi;eng
32;0.03453518844809647;BP;1;-172.81426798033283
