D;Delta;env;chi;eng
4;0.09679445962227919;BP;1;-190.58833531864056
8;0.0649892831474853;BP;1;-190.50714658630503
16;0.04998838820082349;BP;1;-190.44976836328388
