D;Delta;env;chi;eng
4;0.08316011215709086;BP;1;-239.14196617676944
8;0.05235489348160536;BP;1;-238.9599487669863
16;0.032873637357392196;BP;1;-238.83244752319428
