D;Delta;env;chi;eng
32;0.07775756867767873;BP;1;-177.5967788824542
