D;Delta;env;chi;eng
32;0.0006803756962435424;BP;1;-166.95717150767817
