D;Delta;env;chi;eng
32;0.028015512130599697;BP;1;-175.6572980329364
