D;Delta;env;chi;eng
32;0.061874296917224715;BP;1;-175.3456253361269
