D;Delta;env;chi;eng
2;0.15578511740790923;BP;1;-175.3434085316621
4;0.043712777144609166;BP;1;-169.7721899229638
8;1.9007354142353542e-15;BP;1;-168.40679804480087
16;1.9007354142353542e-15;BP;1;-168.40679804480087
32;1.9007354142353542e-15;BP;1;-168.40679804480087
