D;Delta;env;chi;eng
32;7.44243573690088e-15;BP;1;-153.18609476369548
