D;Delta;env;chi;eng
32;0.07160989951766693;BP;1;-180.66877645054916
