D;Delta;env;chi;eng
32;0.032616230538491546;BP;1;-191.50515395113933
