D;Delta;env;chi;eng
2;0.13704114154836772;BP;1;-137.3988540249063
4;0.03766822997787165;BP;1;-134.530120789864
32;1.571760672432296e-15;BP;1;-133.73542528738915
8;1.571760672432296e-15;BP;1;-133.73542528738915
16;1.571760672432296e-15;BP;1;-133.73542528738915
