D;Delta;env;chi;eng
2;0.5292801480120622;BP;1;-177.47022230489026
4;0.28576809324343366;BP;1;-175.2153592960736
8;0.1730743183222387;BP;1;-173.64205486632508
16;0.10276754087561493;BP;1;-172.58237721113372
32;0.05252932417681016;BP;1;-171.93781373303418
