D;Delta;env;chi;eng
32;0.010074642345892955;BP;1;-179.58317098003937
