D;Delta;env;chi;eng
2;0.24183788309800505;BP;1;-168.5127877266939
4;0.1285666956192168;BP;1;-166.12298843163177
8;0.057264065292491645;BP;1;-164.5213482481508
16;0.01320218652523087;BP;1;-163.80323567235058
32;0.0015227838337568249;BP;1;-163.7352991302137
