D;Delta;env;chi;eng
32;2.677684836469224e-16;BP;1;-83.44696356732776
