D;Delta;env;chi;eng
4;0.18369670425209794;BP;1;-235.10590620863144
8;0.12829696841977492;BP;1;-234.32843337604575
16;0.08625793303155936;BP;1;-233.69153916779584
