D;Delta;env;chi;eng
2;0.1932704878142343;BP;1;-157.69212842287394
4;0.09806605919815212;BP;1;-155.34931052833534
8;0.026270368566042597;BP;1;-153.49116691127864
16;0.002146360902101164;BP;1;-153.20784029757257
32;7.484227587313248e-15;BP;1;-153.20407648151738
