D;Delta;env;chi;eng
2;0.09688855564777023;BP;1;-119.40245699846226
4;8.378050811018596e-16;BP;1;-116.0106307743676
8;8.378050811018596e-16;BP;1;-116.0106307743676
32;8.378050811018596e-16;BP;1;-116.0106307743676
16;8.378050811018596e-16;BP;1;-116.0106307743676
