D;Delta;env;chi;eng
32;0.01013769086337432;BP;1;-179.4306108398474
