D;Delta;env;chi;eng
32;0.07217609577516873;BP;1;-176.40045148311424
