D;Delta;env;chi;eng
2;0.13484434827396913;BP;1;-136.4080412572459
4;0.03686490062753096;BP;1;-133.35836977279004
32;1.687445171179625e-15;BP;1;-132.53746246764325
16;1.687445171179625e-15;BP;1;-132.53746246764325
8;1.687445171179625e-15;BP;1;-132.53746246764325
