D;Delta;env;chi;eng
2;0.43719512146281314;BP;1;-173.76370302210768
4;0.19633465929395238;BP;1;-160.51688599715246
8;0.06452546038579761;BP;1;-153.7532362274651
16;0.009095193861324787;BP;1;-152.01404290621088
32;8.686882823060652e-15;BP;1;-151.9401041643421
