D;Delta;env;chi;eng
2;0.13498825772587783;BP;1;-130.9492933428708
4;8.703515467223652e-16;BP;1;-124.11920302567658
8;8.703515467223652e-16;BP;1;-124.11920302567658
16;8.703515467223652e-16;BP;1;-124.11920302567658
32;8.703515467223652e-16;BP;1;-124.11920302567658
