D;Delta;env;chi;eng
2;0.16342507780255439;BP;1;-213.33159548426192
4;0.08097271112173943;BP;1;-210.97698441882977
8;0.02614450713077771;BP;1;-209.7253938008982
16;0.0031467163052967327;BP;1;-209.41948820975134
32;0.00014884259527607206;BP;1;-209.41162461538798
