D;Delta;env;chi;eng
2;0.16377394083650698;BP;1;-206.63851866395123
8;0.018706814482803112;BP;1;-202.25770414748243
4;0.07640174665709992;BP;1;-203.85438505482884
16;0.0012952830408998798;BP;1;-202.04348548828753
32;9.998155132397845e-15;BP;1;-202.0414856145623
