D;Delta;env;chi;eng
32;0.027280080191869272;BP;1;-172.82968540308278
