D;Delta;env;chi;eng
32;0.033974085273659325;BP;1;-183.20539133348595
