D;Delta;env;chi;eng
32;1.645242026312344e-15;BP;1;-123.73151588489826
