D;Delta;env;chi;eng
32;0.0031823172160441887;BP;1;-154.4526183015071
