D;Delta;env;chi;eng
4;0.19152357967631095;BP;1;-185.33867439996646
8;0.1311927711114492;BP;1;-184.65793846537875
16;0.08797000883143802;BP;1;-184.09944479107043
