D;Delta;env;chi;eng
2;0.20109908205535315;BP;1;-158.4123646751828
4;0.09984479115095748;BP;1;-155.9778931335873
8;0.027300503604108524;BP;1;-154.0845023088968
16;0.0021825891042930607;BP;1;-153.77781479769865
32;7.41751198267504e-15;BP;1;-153.77385657342882
