D;Delta;env;chi;eng
32;8.276580832615882e-15;BP;1;-154.32895584870482
