D;Delta;env;chi;eng
2;2.818972833893417e-16;BP;1;-83.10418908458752
4;2.818972833893417e-16;BP;1;-83.10418908458752
8;2.818972833893417e-16;BP;1;-83.10418908458752
16;2.818972833893417e-16;BP;1;-83.10418908458752
32;2.818972833893417e-16;BP;1;-83.10418908458752
