D;Delta;env;chi;eng
2;3.285205701278889e-16;BP;1;-84.6816230089526
4;3.285205701278889e-16;BP;1;-84.6816230089526
8;3.285205701278889e-16;BP;1;-84.6816230089526
16;3.285205701278889e-16;BP;1;-84.6816230089526
32;3.285205701278889e-16;BP;1;-84.6816230089526
