D;Delta;env;chi;eng
4;0.18285479565941973;BP;1;-176.30938195677948
8;0.11320067027549466;BP;1;-175.0309063981481
16;0.06455780745409698;BP;1;-174.33445982348718
