D;Delta;env;chi;eng
32;0.05578345224593656;BP;1;-188.93610056450035
