D;Delta;env;chi;eng
4;0.06280212422717708;BP;1;-163.7501712254232
8;0.02281458545382877;BP;1;-163.45290929553653
16;0.004939829945153551;BP;1;-163.34485646618373
