D;Delta;env;chi;eng
2;0.10344894263240312;BP;1;-118.91689460533847
4;8.575370282841844e-16;BP;1;-114.53444785159846
16;8.575370282841844e-16;BP;1;-114.53444785159846
32;8.575370282841844e-16;BP;1;-114.53444785159846
8;8.575370282841844e-16;BP;1;-114.53444785159846
