D;Delta;env;chi;eng
2;0.1747079132520249;BP;1;-157.67764233654165
4;0.086600459852126;BP;1;-155.82334637263043
8;0.022312967487566695;BP;1;-154.36401432694046
16;0.0016225030466670554;BP;1;-154.15592459692851
32;8.202601072205068e-15;BP;1;-154.15374525071806
