D;Delta;env;chi;eng
4;0.061040044684440395;BP;1;-149.87643574247025
2;0.14456703454081316;BP;1;-151.95361245763362
8;0.007527361820003507;BP;1;-148.5771257257744
16;4.788560753596133e-15;BP;1;-148.53470434815438
32;4.788560753596133e-15;BP;1;-148.53470434815438
