D;Delta;env;chi;eng
2;0.1625939517338683;BP;1;-205.76768376214332
8;0.017965623171753937;BP;1;-201.13459917895207
4;0.07509002204533455;BP;1;-202.68334268191592
16;0.0012535815459335244;BP;1;-200.93381166198668
32;9.592068006524489e-15;BP;1;-200.9319611946482
