D;Delta;env;chi;eng
2;0.10384413712129521;BP;1;-118.94785481827033
4;9.601088344769741e-16;BP;1;-115.17853016789624
8;9.601088344769741e-16;BP;1;-115.17853016789624
16;9.601088344769741e-16;BP;1;-115.17853016789624
32;9.601088344769741e-16;BP;1;-115.17853016789624
