D;Delta;env;chi;eng
4;0.1387216767961355;BP;1;-176.11849337807607
8;0.07844606759921971;BP;1;-175.33124140803096
16;0.03524218956777009;BP;1;-174.74351848218188
