D;Delta;env;chi;eng
4;0.1485991059821779;BP;1;-153.0670949564376
2;0.37090251603812296;BP;1;-167.80655488531528
8;0.030470103223910947;BP;1;-146.38331351081615
32;5.819076299414317e-15;BP;1;-145.71460635444055
16;5.819076299414317e-15;BP;1;-145.71460635444055
