D;Delta;env;chi;eng
2;0.20408691943377824;BP;1;-207.4615911296627
4;0.09857172630737553;BP;1;-203.01182905096724
8;0.026290690840878747;BP;1;-200.4376854742483
16;0.0022403279578597115;BP;1;-200.02457851207367
32;8.83693379673247e-15;BP;1;-200.01867416184453
