D;Delta;env;chi;eng
32;0.06826481692465601;BP;1;-176.21659467512384
