D;Delta;env;chi;eng
32;0.0143364402201431;BP;1;-134.58438856221798
