D;Delta;env;chi;eng
4;0.2250032347044496;BP;1;-167.49922673683096
8;0.13700522815640137;BP;1;-165.28941552509917
16;0.06862581078994581;BP;1;-163.61921513049518
