D;Delta;env;chi;eng
32;0.09719715889220336;BP;1;-170.22660830436345
