D;Delta;env;chi;eng
2;0.20274528231614747;BP;1;-166.9543792382769
4;0.10994482790302894;BP;1;-164.87996974034618
8;0.03941808680310828;BP;1;-163.19710054323076
16;0.006049236432540744;BP;1;-162.70132294585474
32;0.0003722380887582474;BP;1;-162.67884742872664
