D;Delta;env;chi;eng
32;0.040107565303189506;BP;1;-189.72289459679084
