D;Delta;env;chi;eng
4;2.867096586704588e-16;BP;1;-81.590897902502
8;2.867096586704588e-16;BP;1;-81.590897902502
32;2.867096586704588e-16;BP;1;-81.590897902502
16;2.867096586704588e-16;BP;1;-81.590897902502
2;2.867096586704588e-16;BP;1;-81.590897902502
