D;Delta;env;chi;eng
32;0.0627991656999462;BP;1;-164.78101853819624
