D;Delta;env;chi;eng
2;0.21621016505378624;BP;1;-176.27000804577372
4;0.10432409682187141;BP;1;-174.70699457640606
8;0.0528696573137842;BP;1;-174.08554464484942
16;0.018636446026655755;BP;1;-173.7054203513854
32;0.004000489168320011;BP;1;-173.62339168200612
64;0.0005476035561066328;BP;1;-173.61738066531777
