D;Delta;env;chi;eng
2;0.40339162775448817;BP;1;-136.09707953765346
4;0.18323801040460175;BP;1;-131.4090157454825
8;0.06821519050323191;BP;1;-128.2242379766865
16;0.015063136529537703;BP;1;-127.16478484369576
32;0.0012911721521201144;BP;1;-127.05474712980843
