D;Delta;env;chi;eng
32;1.641728483482066e-15;BP;1;-132.1866838940588
