D;Delta;env;chi;eng
2;0.14683509012448653;BP;1;-137.1111152444753
4;0.04158223229495186;BP;1;-133.56739742558472
8;1.6808485386236728e-15;BP;1;-132.63088563439067
16;1.6808485386236728e-15;BP;1;-132.63088563439067
32;1.6808485386236728e-15;BP;1;-132.63088563439067
