D;Delta;env;chi;eng
4;0.18425687690562575;BP;1;-234.59097383839028
8;0.12718544345295146;BP;1;-233.73674873809105
16;0.08224383370465022;BP;1;-232.97304644431628
