D;Delta;env;chi;eng
4;0.5431131670359027;BP;1;-179.6078823798796
8;0.3399903897164643;BP;1;-178.47255098163515
16;0.22969064319062926;BP;1;-177.59424623015119
