D;Delta;env;chi;eng
2;2.8723927372609267e-16;BP;1;-84.43989184618911
4;2.8723927372609267e-16;BP;1;-84.43989184618911
8;2.8723927372609267e-16;BP;1;-84.43989184618911
16;2.8723927372609267e-16;BP;1;-84.43989184618911
32;2.8723927372609267e-16;BP;1;-84.43989184618911
