D;Delta;env;chi;eng
2;0.44485053707391864;BP;1;-147.8444471301023
4;0.22386787741893016;BP;1;-142.04804825983715
8;0.09704809870536833;BP;1;-138.14804352326047
16;0.0309665889775863;BP;1;-136.59246488110048
32;0.0053400277393994555;BP;1;-136.27472457274737
