D;Delta;env;chi;eng
32;1.7059873357367535e-15;BP;1;-132.39335277807788
