D;Delta;env;chi;eng
32;8.727421205422817e-16;BP;1;-115.32058670206347
