D;Delta;env;chi;eng
4;0.14009200963997664;BP;1;-188.2332838952574
8;0.0978455725199159;BP;1;-187.98963822731977
16;0.07183421583771317;BP;1;-187.8152028849188
