D;Delta;env;chi;eng
2;0.14899544659171238;BP;1;-175.16069093012246
4;0.040947332567060075;BP;1;-170.2354525301865
8;1.969110124107187e-15;BP;1;-169.04367944620876
32;1.969110124107187e-15;BP;1;-169.04367944620876
16;1.969110124107187e-15;BP;1;-169.04367944620876
