D;Delta;env;chi;eng
32;1.713639754116806e-15;BP;1;-129.31319286987522
