D;Delta;env;chi;eng
2;0.19431627482606528;BP;1;-221.82649072662034
4;0.09637501870913529;BP;1;-219.72916026931463
8;0.03943198705382435;BP;1;-218.42850435564694
16;0.008440645446655288;BP;1;-217.90808571304
32;0.0008624988441189101;BP;1;-217.8642615329765
