D;Delta;env;chi;eng
4;0.09400916556844512;BP;1;-213.8738962278718
2;0.1939138504388624;BP;1;-216.6714490742714
8;0.03236035556602018;BP;1;-212.21172401160482
16;0.004799625175517551;BP;1;-211.75193312302233
32;0.00026105954671729975;BP;1;-211.73314503583816
