D;Delta;env;chi;eng
32;0.005587397060445422;BP;1;-176.7987297321093
