D;Delta;env;chi;eng
32;0.051283460206479274;BP;1;-187.88156190668647
