D;Delta;env;chi;eng
4;0.03854038048916691;BP;1;-134.622663382346
2;0.14294001552383095;BP;1;-138.50928151987495
8;1.768552867740576e-15;BP;1;-133.7379950659221
32;1.768552867740576e-15;BP;1;-133.7379950659221
16;1.768552867740576e-15;BP;1;-133.7379950659221
