D;Delta;env;chi;eng
32;0.01900040541901484;BP;1;-185.9092743586578
