D;Delta;env;chi;eng
4;0.04742613564685279;BP;1;-218.5635799906761
8;0.019253423139031032;BP;1;-218.36821166273074
16;0.004569610289730108;BP;1;-218.27849535313882
