D;Delta;env;chi;eng
32;0.0628197362030839;BP;1;-185.2776446401197
