D;Delta;env;chi;eng
4;0.41135129257228603;BP;1;-170.60392538164734
8;0.18483530686497804;BP;1;-169.57497943282098
16;0.08997022184200168;BP;1;-169.15568158839827
