D;Delta;env;chi;eng
2;0.5326541725347692;BP;1;-223.939273318966
4;0.31103207514391906;BP;1;-218.78462464192935
8;0.19137746690429114;BP;1;-215.49371023645398
16;0.11093891532255783;BP;1;-213.61684876942672
32;0.05467375677834201;BP;1;-212.55748484100565
