D;Delta;env;chi;eng
32;0.00038564894692186177;BP;1;-160.35291763155175
