D;Delta;env;chi;eng
32;0.024662995613492153;BP;1;-168.13962821173243
