D;Delta;env;chi;eng
32;0.033182316402760675;BP;1;-177.42680206540908
