D;Delta;env;chi;eng
2;0.10115662728335267;BP;1;-117.53349464799537
8;8.920550144574975e-16;BP;1;-113.22883206757187
32;8.920550144574975e-16;BP;1;-113.22883206757187
4;8.920550144574975e-16;BP;1;-113.22883206757187
16;8.920550144574975e-16;BP;1;-113.22883206757187
