D;Delta;env;chi;eng
2;0.18684313695913346;BP;1;-194.83892355617445
8;0.011260132749096572;BP;1;-187.32033281067976
4;0.07860430142591349;BP;1;-189.94274656721853
32;5.296228365264144e-15;BP;1;-187.20590498659118
16;5.296228365264144e-15;BP;1;-187.20590498659118
