D;Delta;env;chi;eng
32;0.0526225299466201;BP;1;-171.4974571852658
