D;Delta;env;chi;eng
32;0.1314342414585807;BP;1;-178.4605709123898
