D;Delta;env;chi;eng
2;0.16803679724754783;BP;1;-169.92329652062995
4;0.08453987550172089;BP;1;-168.57515609786182
8;0.03361182397691258;BP;1;-167.7807033233215
16;0.006450191757049525;BP;1;-167.49044587550932
32;0.0006063977839642456;BP;1;-167.47099811737542
