D;Delta;env;chi;eng
2;0.13963441215673222;BP;1;-137.8180138856477
4;0.03850251321730467;BP;1;-134.58753316025346
8;1.7516448664442325e-15;BP;1;-133.6676016646367
16;1.7516448664442325e-15;BP;1;-133.6676016646367
32;1.7516448664442325e-15;BP;1;-133.6676016646367
