D;Delta;env;chi;eng
2;0.17943222069088033;BP;1;-155.78491916000516
4;0.0879242789226369;BP;1;-153.78037404736273
8;0.022685442741703827;BP;1;-152.2965134638986
16;0.001811252119904892;BP;1;-152.0804065200886
32;8.772651515848253e-15;BP;1;-152.07782746040326
