D;Delta;env;chi;eng
2;0.1888047198827042;BP;1;-195.3810763168946
4;0.07685011621948576;BP;1;-190.9117029736375
8;0.011011459239303653;BP;1;-188.46529018970242
16;5.694892742820722e-15;BP;1;-188.3536208040223
32;5.694892742820722e-15;BP;1;-188.3536208040223
