D;Delta;env;chi;eng
2;0.19330827380605095;BP;1;-155.83786370537953
4;0.09575342869277123;BP;1;-153.3009565049767
8;0.025845446426628237;BP;1;-151.56806239365548
16;0.002222318447524324;BP;1;-151.2876069803219
32;7.641063196016919e-15;BP;1;-151.28368683066435
