D;Delta;env;chi;eng
32;0.13790992141022076;BP;1;-175.6730513532924
