D;Delta;env;chi;eng
32;0.11333512489339188;BP;1;-176.74073654300548
