D;Delta;env;chi;eng
4;0.11114655530057248;BP;1;-160.38505663821365
8;0.040354580389542066;BP;1;-158.78918675352477
2;0.21306246486414615;BP;1;-162.89141133564337
16;0.0067408826491902885;BP;1;-158.30260167538617
32;0.00042772012867100487;BP;1;-158.27706775753842
