D;Delta;env;chi;eng
4;0.12198340303185437;BP;1;-219.71973461828205
2;0.23398485679870343;BP;1;-222.73029517236301
8;0.05302657004086529;BP;1;-217.75034127937087
16;0.012070618699138527;BP;1;-216.87011237533667
32;0.0013672867937939914;BP;1;-216.78766329414756
