D;Delta;env;chi;eng
4;0.02404520988162784;BP;1;-223.0560590491603
8;0.012168109172896865;BP;1;-223.026428255182
16;0.004520785007122363;BP;1;-223.0055481270946
