D;Delta;env;chi;eng
2;0.15843865924849743;BP;1;-159.03050200100944
4;0.06747978382025599;BP;1;-157.8633382215281
8;0.0216405482375622;BP;1;-157.40919022249432
16;0.0038651190014884237;BP;1;-157.30204650955318
32;0.00029006867328764085;BP;1;-157.29609875809285
