D;Delta;env;chi;eng
32;0.05398713584026445;BP;1;-185.53485938807924
