D;Delta;env;chi;eng
4;0.1960149893580162;BP;1;-172.93757569068464
8;0.11933128888798213;BP;1;-171.40879167678915
16;0.06533254646966934;BP;1;-170.49527292142344
