D;Delta;env;chi;eng
4;0.7019874683871037;BP;1;-177.25274134637806
8;0.4396313294455403;BP;1;-175.66519445196042
16;0.29317517376174806;BP;1;-174.6123210576733
