D;Delta;env;chi;eng
32;0.061480806142438865;BP;1;-189.85771735693064
