D;Delta;env;chi;eng
4;0.07678584546562381;BP;1;-191.34022659942087
2;0.18064750883642888;BP;1;-195.52913191288903
16;4.663713401908641e-15;BP;1;-188.79845498392655
8;0.010550111667225689;BP;1;-188.89997397684994
32;4.663713401908641e-15;BP;1;-188.79845498392655
