D;Delta;env;chi;eng
2;2.938465638743255e-16;BP;1;-82.67447765001958
4;2.938465638743255e-16;BP;1;-82.67447765001958
8;2.938465638743255e-16;BP;1;-82.67447765001958
16;2.938465638743255e-16;BP;1;-82.67447765001958
32;2.938465638743255e-16;BP;1;-82.67447765001958
