D;Delta;env;chi;eng
2;0.1701439010302388;BP;1;-195.7014874233579
4;0.07315579106780734;BP;1;-191.80283226938258
8;0.009739265637748856;BP;1;-189.55048125649688
16;5.463505054816759e-15;BP;1;-189.46424699743454
32;5.463505054816759e-15;BP;1;-189.46424699743454
