D;Delta;env;chi;eng
32;0.0005669506719519382;BP;1;-164.0060147610413
