D;Delta;env;chi;eng
2;0.1846914347277226;BP;1;-221.2375563528284
4;0.0887860443496511;BP;1;-219.24937601822515
8;0.035934643293894133;BP;1;-218.13431837015048
16;0.007004686991858957;BP;1;-217.69967854207644
32;0.000661930237666238;BP;1;-217.67073390957654
