D;Delta;env;chi;eng
32;0.01203180115454241;BP;1;-180.29155666417745
