D;Delta;env;chi;eng
4;0.4996430130424247;BP;1;-160.41704333642684
8;0.2659037020166926;BP;1;-158.11081753410053
16;0.14512399976049134;BP;1;-156.64118473660145
