D;Delta;env;chi;eng
32;0.06596812500267146;BP;1;-182.07835470597612
