D;Delta;env;chi;eng
2;0.09952064237675569;BP;1;-119.28932477584559
4;8.2738908344771e-16;BP;1;-115.67469999786054
16;8.2738908344771e-16;BP;1;-115.67469999786054
8;8.2738908344771e-16;BP;1;-115.67469999786054
32;8.2738908344771e-16;BP;1;-115.67469999786054
