D;Delta;env;chi;eng
32;4.589780794973418e-15;BP;1;-144.306815795756
