D;Delta;env;chi;eng
2;0.17425343550371733;BP;1;-160.61643095484015
4;0.08700247418077195;BP;1;-158.59221032051462
8;0.02179102622642249;BP;1;-156.97848113431243
16;0.0015730400408113575;BP;1;-156.7636111889492
32;8.27989459362225e-15;BP;1;-156.76125741349344
