D;Delta;env;chi;eng
32;0.06602845884976583;BP;1;-188.2840082107571
