D;Delta;env;chi;eng
4;0.03908388150650381;BP;1;-134.7815235858698
2;0.14016966780904966;BP;1;-138.27612827778648
16;1.5979296569003497e-15;BP;1;-133.85069910528068
8;1.5979296569003497e-15;BP;1;-133.85069910528068
32;1.5979296569003497e-15;BP;1;-133.85069910528068
