D;Delta;env;chi;eng
2;3.1955951195230176e-16;BP;1;-84.97493566073125
4;3.1955951195230176e-16;BP;1;-84.97493566073125
8;3.1955951195230176e-16;BP;1;-84.97493566073125
16;3.1955951195230176e-16;BP;1;-84.97493566073125
32;3.1955951195230176e-16;BP;1;-84.97493566073125
