D;Delta;env;chi;eng
32;0.004264900904692967;BP;1;-171.62064442682598
