D;Delta;env;chi;eng
32;0.08693443517317581;BP;1;-150.12025452223747
