D;Delta;env;chi;eng
2;0.40024834039612806;BP;1;-173.79855794214924
8;0.052627641753741676;BP;1;-157.67225602582857
4;0.17023320620562035;BP;1;-163.12142422485044
16;0.006704214209091102;BP;1;-156.42690709352647
32;9.476224192989208e-15;BP;1;-156.38434724009647
