D;Delta;env;chi;eng
4;0.09777411088930504;BP;1;-231.9454253334412
8;0.05136429905977983;BP;1;-231.28792693650362
16;0.020575602937105447;BP;1;-230.87628007479944
