D;Delta;env;chi;eng
2;0.20358019138891575;BP;1;-209.5440042738572
8;0.026725187157939402;BP;1;-202.68628889400247
4;0.10121406070024197;BP;1;-205.4613003520431
16;0.0021576611343263256;BP;1;-202.27176571831006
32;8.36695574805452e-15;BP;1;-202.26615548546937
