D;Delta;env;chi;eng
32;0.1084819808855222;BP;1;-177.41463224846376
