D;Delta;env;chi;eng
4;0.10956368035570044;BP;1;-173.1983318686252
2;0.23543730025192766;BP;1;-174.96729148698185
8;0.0550445266739988;BP;1;-172.56853418366455
16;0.01975604245486806;BP;1;-172.18231524987104
32;0.004331742486182731;BP;1;-172.0988175372475
64;0.0006003915054595695;BP;1;-172.09255991120514
