D;Delta;env;chi;eng
2;0.1835799328060892;BP;1;-170.12015413603052
4;0.09504027256672644;BP;1;-168.98965788858067
8;0.03912479495974634;BP;1;-168.0894128240848
16;0.00774950393780391;BP;1;-167.7148849927324
32;0.0007259574882457398;BP;1;-167.68735184516316
