D;Delta;env;chi;eng
2;0.1935764428773388;BP;1;-129.99422649223732
8;1.6876370731523957e-15;BP;1;-122.36234128548041
4;0.04810733827255957;BP;1;-123.731369677714
32;1.6876370731523957e-15;BP;1;-122.36234128548041
16;1.6876370731523957e-15;BP;1;-122.36234128548041
