D;Delta;env;chi;eng
2;0.14788803306939424;BP;1;-136.89692638864412
4;0.04286112703442407;BP;1;-133.22320574977857
8;1.641728483482066e-15;BP;1;-132.1866838940588
16;1.641728483482066e-15;BP;1;-132.1866838940588
32;1.641728483482066e-15;BP;1;-132.1866838940588
