D;Delta;env;chi;eng
2;0.20200651688160823;BP;1;-167.90986160064222
4;0.09957421314927532;BP;1;-165.87681665787076
8;0.04031709852011707;BP;1;-164.90954482501476
16;0.008862772017965337;BP;1;-164.52580811225118
32;0.0009480845775207973;BP;1;-164.4932583873884
