D;Delta;env;chi;eng
2;0.16537083437823535;BP;1;-160.3937777485407
4;0.08230388024156425;BP;1;-158.42542068956075
8;0.019991164131528284;BP;1;-156.9617088096252
16;0.001464140005359783;BP;1;-156.7753926809188
32;9.122584710595177e-15;BP;1;-156.77335256096174
