D;Delta;env;chi;eng
32;0.05765280311315745;BP;1;-166.10332978300622
