D;Delta;env;chi;eng
2;2.9405565162814923e-16;BP;1;-82.14987919870181
4;2.9405565162814923e-16;BP;1;-82.14987919870181
8;2.9405565162814923e-16;BP;1;-82.14987919870181
16;2.9405565162814923e-16;BP;1;-82.14987919870181
32;2.9405565162814923e-16;BP;1;-82.14987919870181
