D;Delta;env;chi;eng
32;0.06386020106788749;BP;1;-187.5703353367273
