D;Delta;env;chi;eng
32;0.0552876925722089;BP;1;-184.6637016435215
