D;Delta;env;chi;eng
2;0.16202444287973033;BP;1;-218.5485492319718
4;0.07475952030323968;BP;1;-216.83635296814035
8;0.02882744980368915;BP;1;-216.01873504789876
16;0.005166221215794596;BP;1;-215.73544346654273
32;0.00044255541734170234;BP;1;-215.7195485532919
