D;Delta;env;chi;eng
2;0.10648696520488349;BP;1;-119.13001926089869
4;8.666432004685024e-16;BP;1;-114.54039628835478
8;8.666432004685024e-16;BP;1;-114.54039628835478
16;8.666432004685024e-16;BP;1;-114.54039628835478
32;8.666432004685024e-16;BP;1;-114.54039628835478
