D;Delta;env;chi;eng
2;0.15723595473114274;BP;1;-152.08841568800904
4;0.06935519203493187;BP;1;-149.47914541260698
8;0.008850251481727646;BP;1;-147.83675583878784
16;5.109787913899129e-15;BP;1;-147.7790269786966
32;5.109787913899129e-15;BP;1;-147.7790269786966
