D;Delta;env;chi;eng
2;0.1660996011979729;BP;1;-155.78268550824498
4;0.0846523245503297;BP;1;-153.9189426521947
8;0.0211082841693498;BP;1;-152.51190836717458
16;0.0015140820711125151;BP;1;-152.3269447637813
32;7.693290643364347e-15;BP;1;-152.3250473677946
