D;Delta;env;chi;eng
32;0.02185749592106258;BP;1;-181.3027715230169
