D;Delta;env;chi;eng
32;0.0727587666828424;BP;1;-178.0839031457767
