D;Delta;env;chi;eng
4;0.07337954812196537;BP;1;-191.02491904768794
8;0.00980864039289508;BP;1;-188.74481875704996
2;0.1707180035285651;BP;1;-195.14664686575247
16;5.110837917720707e-15;BP;1;-188.65783359375777
32;5.110837917720707e-15;BP;1;-188.65783359375777
