D;Delta;env;chi;eng
2;0.1662860268683949;BP;1;-168.80460933202954
4;0.08532173324818135;BP;1;-167.48547865455535
8;0.03390765678285139;BP;1;-166.72203902365226
16;0.006080563208516049;BP;1;-166.42066356816235
32;0.0005356580419269002;BP;1;-166.40283755303156
