D;Delta;env;chi;eng
4;0.15173260050084997;BP;1;-188.46862219133894
8;0.0997270962088305;BP;1;-188.19540466697305
16;0.07317452708837703;BP;1;-188.0239956963228
