D;Delta;env;chi;eng
2;0.15098675128074676;BP;1;-162.10488169712767
4;0.06660847374592921;BP;1;-161.03648152063244
8;0.021303793744669793;BP;1;-160.57464007311447
16;0.003731196871301871;BP;1;-160.46303554091753
32;0.0002757030021720064;BP;1;-160.4567896636975
