D;Delta;env;chi;eng
32;0.29466347052298913;BP;1;-172.36604501140627
