D;Delta;env;chi;eng
2;0.11836693300222402;BP;1;-117.159045652225
4;8.913638985772267e-16;BP;1;-111.85785477295953
16;8.913638985772267e-16;BP;1;-111.85785477295953
8;8.913638985772267e-16;BP;1;-111.85785477295953
32;8.913638985772267e-16;BP;1;-111.85785477295953
