D;Delta;env;chi;eng
32;0.036461974249346545;BP;1;-187.0750764404995
