D;Delta;env;chi;eng
2;0.14939063563424743;BP;1;-134.89096483576395
8;1.5630700657576176e-15;BP;1;-130.07541034859872
4;0.04169478849599957;BP;1;-131.00409939410335
16;1.5630700657576176e-15;BP;1;-130.07541034859872
32;1.5630700657576176e-15;BP;1;-130.07541034859872
