D;Delta;env;chi;eng
2;0.09589261894032597;BP;1;-118.67260143381701
4;9.201293873637816e-16;BP;1;-114.82639426078137
8;9.201293873637816e-16;BP;1;-114.82639426078137
16;9.201293873637816e-16;BP;1;-114.82639426078137
32;9.201293873637816e-16;BP;1;-114.82639426078137
