D;Delta;env;chi;eng
4;0.14784968619553138;BP;1;-187.82130961768436
8;0.1030721022950833;BP;1;-187.53397882783298
16;0.07465454660789998;BP;1;-187.32226886104303
