D;Delta;env;chi;eng
4;0.12270354993986289;BP;1;-241.41288076172322
8;0.09068848328565142;BP;1;-241.22472130564321
16;0.06820765721423748;BP;1;-241.03269984072142
