D;Delta;env;chi;eng
4;0.08163669417607997;BP;1;-166.11770118359777
2;0.17252741965741417;BP;1;-167.3418368481948
8;0.032126975838441985;BP;1;-165.44720970559956
16;0.00627812456381659;BP;1;-165.19460231663493
32;0.0005760462439150086;BP;1;-165.17778908081831
