D;Delta;env;chi;eng
2;0.17906470518287387;BP;1;-147.18413365212092
4;0.07639954762424903;BP;1;-144.17562799119386
32;4.777094322178517e-15;BP;1;-142.29915726344936
8;0.011041774619338477;BP;1;-142.3779571616284
16;4.777094322178517e-15;BP;1;-142.29915726344936
