D;Delta;env;chi;eng
4;8.078783110688375e-16;BP;1;-114.31398647712048
2;0.10469325210908112;BP;1;-118.4404528129802
8;8.078783110688375e-16;BP;1;-114.31398647712048
16;8.078783110688375e-16;BP;1;-114.31398647712048
32;8.078783110688375e-16;BP;1;-114.31398647712048
