D;Delta;env;chi;eng
2;0.23277107111749148;BP;1;-169.86521168052064
4;0.12546493279504134;BP;1;-167.50366385170113
8;0.0556892622528398;BP;1;-165.94771169847087
16;0.01259383658202214;BP;1;-165.2269151700617
32;0.0014314814913740108;BP;1;-165.15841917709503
