D;Delta;env;chi;eng
32;3.75025174364843e-15;BP;1;-144.82437053079747
