D;Delta;env;chi;eng
32;0.06451482665271248;BP;1;-185.50892676266352
