D;Delta;env;chi;eng
2;0.18185240167076572;BP;1;-148.65904055787007
4;0.07457432921094959;BP;1;-145.85975941327845
8;0.010762430350733116;BP;1;-144.19220702115902
16;4.946478661973137e-15;BP;1;-144.11525718411497
32;4.946478661973137e-15;BP;1;-144.11525718411497
