D;Delta;env;chi;eng
2;0.12503264932672642;BP;1;-133.78949275587328
4;0.03241778357154816;BP;1;-131.42542552167967
8;1.807981362237304e-15;BP;1;-130.76655727486963
32;1.807981362237304e-15;BP;1;-130.76655727486963
16;1.807981362237304e-15;BP;1;-130.76655727486963
