D;Delta;env;chi;eng
2;0.19356689896439663;BP;1;-130.61686749982985
4;0.04722145584239188;BP;1;-124.59330474995288
8;1.6711402210538008e-15;BP;1;-123.27171249665744
16;1.6711402210538008e-15;BP;1;-123.27171249665744
32;1.6711402210538008e-15;BP;1;-123.27171249665744
