D;Delta;env;chi;eng
4;0.11879227332296871;BP;1;-161.5505250166414
2;0.22565608482743674;BP;1;-164.02461903474585
8;0.04398568025434058;BP;1;-159.73681086111358
16;0.0073111604780419556;BP;1;-159.17596039489018
32;0.0004631198776782917;BP;1;-159.1468207953995
