D;Delta;env;chi;eng
32;0.011638133629348455;BP;1;-183.68115054311974
