D;Delta;env;chi;eng
32;0.011110081977977238;BP;1;-185.08848181349617
