D;Delta;env;chi;eng
2;0.12273740579225115;BP;1;-132.55627009488362
4;0.04575701403212182;BP;1;-130.95061486642598
8;0.004533177173133257;BP;1;-130.31419166550276
16;6.206297789370736e-15;BP;1;-130.3028468122726
32;6.206297789370736e-15;BP;1;-130.3028468122726
