D;Delta;env;chi;eng
32;0.09429374151266862;BP;1;-169.27468615700775
