D;Delta;env;chi;eng
32;7.41751198267504e-15;BP;1;-153.77385657342882
