D;Delta;env;chi;eng
2;0.20203601677472877;BP;1;-216.18520444188164
4;0.10075979115239438;BP;1;-212.7975989097181
8;0.035203508162023;BP;1;-210.90341185013327
16;0.00527864961090713;BP;1;-210.3733057464299
32;0.0003055811482922746;BP;1;-210.35163355098007
