D;Delta;env;chi;eng
2;0.209526638293613;BP;1;-170.6212424495816
4;0.11709225637577912;BP;1;-168.70042976561686
8;0.05012989239605521;BP;1;-167.3061096161181
16;0.011335511505664838;BP;1;-166.70820587423825
32;0.001291932225315194;BP;1;-166.65131857713155
