D;Delta;env;chi;eng
2;0.6083679945102249;BP;1;-177.17517510329063
4;0.3147570642442266;BP;1;-175.4198364043963
8;0.17185381679127165;BP;1;-174.08609064881148
16;0.1013653831564224;BP;1;-173.28851370215583
32;0.05557516938829471;BP;1;-172.8534308751349
