D;Delta;env;chi;eng
2;0.21160879418849737;BP;1;-207.80293324859798
4;0.0848671864801649;BP;1;-204.81516326557153
8;0.02757530484409158;BP;1;-203.55809231924061
16;0.0035492973434941358;BP;1;-203.24524507803716
32;0.000158464345854532;BP;1;-203.23574296149664
