D;Delta;env;chi;eng
2;0.11985832480927536;BP;1;-117.43375197337524
4;9.422770133162884e-16;BP;1;-111.71516417140727
8;9.422770133162884e-16;BP;1;-111.71516417140727
16;9.422770133162884e-16;BP;1;-111.71516417140727
32;9.422770133162884e-16;BP;1;-111.71516417140727
