D;Delta;env;chi;eng
4;9.427931244336278e-16;BP;1;-115.79106195965466
2;0.10047138720835039;BP;1;-119.50836469758218
16;9.427931244336278e-16;BP;1;-115.79106195965466
8;9.427931244336278e-16;BP;1;-115.79106195965466
32;9.427931244336278e-16;BP;1;-115.79106195965466
