D;Delta;env;chi;eng
8;8.86117705586402e-16;BP;1;-146.05154249159645
32;8.86117705586402e-16;BP;1;-146.05154249159645
4;8.86117705586402e-16;BP;1;-146.05154249159645
2;0.10115650410120665;BP;1;-150.74848806653836
16;8.86117705586402e-16;BP;1;-146.05154249159645
