D;Delta;env;chi;eng
4;0.2051025802524366;BP;1;-181.06813988452515
8;0.13504954582748402;BP;1;-180.20899922100378
16;0.08483858283409802;BP;1;-179.52178327850925
