D;Delta;env;chi;eng
4;0.1588425054726554;BP;1;-179.97411095647396
8;0.10102059381152344;BP;1;-179.16252039698898
16;0.059800018540251236;BP;1;-178.6576250736772
