D;Delta;env;chi;eng
16;1.7736090857695786e-15;BP;1;-168.7770456638916
2;0.1354810394133712;BP;1;-173.41107847519146
4;0.03841248012945268;BP;1;-169.83119618047738
8;1.7736090857695786e-15;BP;1;-168.7770456638916
32;1.7736090857695786e-15;BP;1;-168.7770456638916
