D;Delta;env;chi;eng
2;0.19454648752562573;BP;1;-160.59007940249617
4;0.08943987462312558;BP;1;-158.25226412794498
8;0.023286636896139974;BP;1;-156.6052545224098
16;0.0018263662670402285;BP;1;-156.35242303996128
32;8.517155356922512e-15;BP;1;-156.349272747386
