D;Delta;env;chi;eng
32;0.022574033838790836;BP;1;-183.77447783778004
