D;Delta;env;chi;eng
4;0.3075263441284178;BP;1;-218.30945064385847
8;0.16822320474598196;BP;1;-216.85668206467744
16;0.09972584964452245;BP;1;-216.13376519932172
