D;Delta;env;chi;eng
32;0.04473666915954891;BP;1;-179.02078964807507
