D;Delta;env;chi;eng
32;1.5853873159624143e-15;BP;1;-133.03801582792684
