D;Delta;env;chi;eng
32;0.0472821172282389;BP;1;-183.45364819227214
