D;Delta;env;chi;eng
4;0.11685962702510867;BP;1;-241.9002032864784
8;0.08654504530167995;BP;1;-241.7102193832609
16;0.0654865474058351;BP;1;-241.5476792528779
