D;Delta;env;chi;eng
32;0.04770478797760009;BP;1;-190.18219820263758
