D;Delta;env;chi;eng
32;8.2738908344771e-16;BP;1;-115.67469999786054
