D;Delta;env;chi;eng
32;0.023564603892788315;BP;1;-182.2070655209508
