D;Delta;env;chi;eng
32;0.0440046984098429;BP;1;-189.53501311320784
