D;Delta;env;chi;eng
2;0.15368585075550575;BP;1;-146.851613269894
4;0.05580555399868389;BP;1;-144.91049371932442
8;0.00674904787657471;BP;1;-143.95586264176947
16;3.5506155402050586e-15;BP;1;-143.92463510448894
32;3.5506155402050586e-15;BP;1;-143.92463510448894
