D;Delta;env;chi;eng
32;8.818046873263733e-16;BP;1;-112.40341879576943
