D;Delta;env;chi;eng
32;0.01795504434861007;BP;1;-148.94529503311668
