D;Delta;env;chi;eng
32;4.276649444224393e-15;BP;1;-144.18210089839386
