D;Delta;env;chi;eng
2;0.1581746362406201;BP;1;-187.53551252352526
4;0.057572744031022555;BP;1;-184.60068779297274
8;0.0068980719580060065;BP;1;-183.28534552290066
16;4.420452892707345e-15;BP;1;-183.24278975227145
32;4.420452892707345e-15;BP;1;-183.24278975227145
