D;Delta;env;chi;eng
32;0.01507150338385236;BP;1;-162.33727139722058
