D;Delta;env;chi;eng
32;0.0838061467904258;BP;1;-162.26369985584003
