D;Delta;env;chi;eng
4;0.11485962354971668;BP;1;-215.99482298755763
2;0.24223712834953015;BP;1;-219.52461989028345
8;0.04793026561002135;BP;1;-214.2657114579801
16;0.010799798184340022;BP;1;-213.55747830602274
32;0.0012018413595834658;BP;1;-213.49216624637148
