D;Delta;env;chi;eng
2;0.19480029262770202;BP;1;-221.338420038609
4;0.09829312259137145;BP;1;-219.49970025493045
8;0.04041449283630185;BP;1;-218.18412509260884
16;0.007995685835766786;BP;1;-217.65501995006963
32;0.0007551898255849162;BP;1;-217.61819325007642
