D;Delta;env;chi;eng
2;0.11706174612215231;BP;1;-149.58136062678022
16;8.595221025666868e-16;BP;1;-142.86968085644088
4;8.595221025666868e-16;BP;1;-142.86968085644088
8;8.595221025666868e-16;BP;1;-142.86968085644088
32;8.595221025666868e-16;BP;1;-142.86968085644088
