D;Delta;env;chi;eng
2;0.16844480262591074;BP;1;-151.74131366081926
4;0.07103242684497434;BP;1;-148.81087021182145
8;0.009301116802217785;BP;1;-147.10514624324938
16;4.2327160889019054e-15;BP;1;-147.03897264561587
32;4.2327160889019054e-15;BP;1;-147.03897264561587
