D;Delta;env;chi;eng
8;0.008682131854858093;BP;1;-186.59848546244854
4;0.06942627373719432;BP;1;-188.5347651849193
2;0.1651893854835329;BP;1;-191.96897760345607
16;4.649919206476923e-15;BP;1;-186.5304568480626
32;4.649919206476923e-15;BP;1;-186.5304568480626
