D;Delta;env;chi;eng
32;5.7336450953813374e-15;BP;1;-114.8864373230776
