D;Delta;env;chi;eng
32;0.06490354856627834;BP;1;-187.7644225262327
