D;Delta;env;chi;eng
2;0.2268072890541746;BP;1;-168.8018621848244
4;0.11059893764328274;BP;1;-166.7031325650009
8;0.04682714794897336;BP;1;-165.5044651199893
16;0.01048302496013509;BP;1;-164.98718333553094
32;0.0011561547790879785;BP;1;-164.93828905116297
