D;Delta;env;chi;eng
32;0.04126646697915642;BP;1;-190.8240171567068
