D;Delta;env;chi;eng
2;0.13978385710400248;BP;1;-137.21839028770262
4;0.03965759890357;BP;1;-134.08637924083558
16;1.5190974832923045e-15;BP;1;-133.21462019220277
8;1.5190974832923045e-15;BP;1;-133.21462019220277
32;1.5190974832923045e-15;BP;1;-133.21462019220277
