D;Delta;env;chi;eng
2;0.6496624153587481;BP;1;-172.90111178421017
4;0.37711763911394786;BP;1;-168.65580901866062
8;0.22533619341392394;BP;1;-165.45638564391942
16;0.12889531523550038;BP;1;-163.41269453549876
32;0.0636700932951907;BP;1;-162.2667546094618
