D;Delta;env;chi;eng
4;0.18514839838489708;BP;1;-184.389754218567
8;0.12546278067299987;BP;1;-183.6632453780247
16;0.07976940293291306;BP;1;-183.02065439317053
