D;Delta;env;chi;eng
32;0.022796477175727775;BP;1;-165.35266224697904
