D;Delta;env;chi;eng
2;3.079984057851274e-16;BP;1;-84.7277341753586
4;3.079984057851274e-16;BP;1;-84.7277341753586
8;3.079984057851274e-16;BP;1;-84.7277341753586
16;3.079984057851274e-16;BP;1;-84.7277341753586
32;3.079984057851274e-16;BP;1;-84.7277341753586
