D;Delta;env;chi;eng
2;0.1661433265787669;BP;1;-162.53128571835916
4;0.0841945641916228;BP;1;-161.08466672184392
8;0.027496206552369395;BP;1;-160.07564410414489
16;0.003370590247988323;BP;1;-159.8411962267306
32;0.00017066274453969452;BP;1;-159.83499748171772
