D;Delta;env;chi;eng
4;0.23705032773513976;BP;1;-163.68143041135545
8;0.14115542822825708;BP;1;-161.259065245772
16;0.07136821371542837;BP;1;-159.60825625281308
