D;Delta;env;chi;eng
2;0.14910423420241964;BP;1;-151.56730569685612
4;0.030410857725582795;BP;1;-147.3350959583814
16;2.8466629489411012e-15;BP;1;-146.77190757625297
8;2.8466629489411012e-15;BP;1;-146.77190757625297
32;2.8466629489411012e-15;BP;1;-146.77190757625297
