D;Delta;env;chi;eng
2;0.1724881663740806;BP;1;-152.9701468193281
4;0.07572989195228368;BP;1;-149.97559607003845
8;0.010098713866628993;BP;1;-148.05279392280033
32;4.771719202994197e-15;BP;1;-147.97593447896975
16;4.771719202994197e-15;BP;1;-147.97593447896975
