D;Delta;env;chi;eng
32;0.0961205724557731;BP;1;-183.95204765307292
