D;Delta;env;chi;eng
2;0.18996070110694496;BP;1;-222.57781956034856
4;0.09372381533261859;BP;1;-220.43878474926473
8;0.041788594063618296;BP;1;-219.4055672227291
16;0.010119257162118624;BP;1;-218.94172623903114
32;0.0012928937155066425;BP;1;-218.89513603887235
