D;Delta;env;chi;eng
32;0.0006430287096059383;BP;1;-164.72378077681225
