D;Delta;env;chi;eng
4;0.19399337957664797;BP;1;-225.3471070104288
8;0.1142215716845034;BP;1;-223.0630361682215
16;0.05407305967918163;BP;1;-221.55644188727305
32;0.01791935539753839;BP;1;-220.94226213255402
