D;Delta;env;chi;eng
4;0.34429435441920964;BP;1;-233.70355877739166
8;0.22200856419294474;BP;1;-232.77914282847698
16;0.15720921239421945;BP;1;-232.17212068028078
