D;Delta;env;chi;eng
2;0.17642687808917384;BP;1;-163.80919401464737
4;0.08850271506992957;BP;1;-162.59990056894293
8;0.030031790076938493;BP;1;-161.55003100839238
16;0.003990602325185315;BP;1;-161.28339210471847
32;0.000193126024098654;BP;1;-161.27477025245045
