D;Delta;env;chi;eng
32;0.004331742486182731;BP;1;-172.0988175372475
