D;Delta;env;chi;eng
32;0.00021760527011760396;BP;1;-159.6595043380693
