D;Delta;env;chi;eng
2;0.18019922957414058;BP;1;-215.5473744797098
8;0.030250821477592567;BP;1;-211.2816284939857
4;0.08975540812331416;BP;1;-212.85663686519794
16;0.004091438132566704;BP;1;-210.8815271489401
32;0.00021680315167584805;BP;1;-210.86856830353088
