D;Delta;env;chi;eng
32;0.01294026827401537;BP;1;-183.03600501465542
