D;Delta;env;chi;eng
2;0.18999900203389788;BP;1;-167.76401846697874
4;0.095972812727616;BP;1;-166.24602200231118
8;0.03874314691806116;BP;1;-165.33049724698247
16;0.008504601876751167;BP;1;-164.97046607817552
32;0.0008815808813632303;BP;1;-164.93948419804607
