D;Delta;env;chi;eng
2;0.20898333053359153;BP;1;-166.26687225922416
4;0.11268533099066963;BP;1;-164.00026025175848
8;0.04126860380707829;BP;1;-162.2535729217278
16;0.006044581702475697;BP;1;-161.71596246418883
32;0.00035762979374785974;BP;1;-161.69386307130551
