D;Delta;env;chi;eng
2;0.19310568166823347;BP;1;-130.50436989600962
16;1.6873647110944704e-15;BP;1;-123.85174593431255
4;0.048085888630291646;BP;1;-125.13038298810847
8;1.6873647110944704e-15;BP;1;-123.85174593431255
32;1.6873647110944704e-15;BP;1;-123.85174593431255
