D;Delta;env;chi;eng
32;0.004180704981188377;BP;1;-170.52971299108697
