D;Delta;env;chi;eng
2;2.893508954109959e-16;BP;1;-105.44587439546959
4;2.893508954109959e-16;BP;1;-105.44587439546959
8;2.893508954109959e-16;BP;1;-105.44587439546959
16;2.893508954109959e-16;BP;1;-105.44587439546959
32;2.893508954109959e-16;BP;1;-105.44587439546959
