D;Delta;env;chi;eng
4;0.165249496152378;BP;1;-236.84391122373125
8;0.11624105413162863;BP;1;-236.29105003948519
16;0.08056284357814435;BP;1;-235.8242110589393
